Date,Open,High,Low,Close,Volume,Open Interest
1/4/2016 0:00,579.03,579.97,573.15,574.41,9.59E+07,41926
1/5/2016 0:00,571.66,575.4,569.26,569.94,9.80E+07,42607
1/6/2016 0:00,569.5,574.57,569.5,574.57,8.23E+07,37738
1/7/2016 0:00,570.62,570.94,561.09,565.36,1.41E+08,59811
1/8/2016 0:00,562.62,563.17,556.36,560.05,1.34E+08,51162
1/11/2016 0:00,559.05,563.04,557.51,557.87,1.01E+08,40150
1/12/2016 0:00,557.36,564.26,557.36,564.26,1.02E+08,42236
1/13/2016 0:00,565.21,566.02,560.37,560.37,1.16E+08,44968
1/14/2016 0:00,555.88,556.62,550.6,553.03,1.29E+08,48577
1/15/2016 0:00,554.35,556.55,543.04,543.04,1.19E+08,44476
1/18/2016 0:00,532.54,532.54,518.16,526.37,1.55E+08,63801
1/19/2016 0:00,525.65,535.77,525.65,535.77,1.13E+08,44931
1/20/2016 0:00,532.81,536.57,529.42,529.44,1.10E+08,43603
1/21/2016 0:00,529.44,531.21,520.74,521.88,1.40E+08,54097
1/22/2016 0:00,525.35,525.83,513.82,522.24,1.59E+08,59521
1/25/2016 0:00,530.58,542.36,522.24,542.35,1.42E+08,54794
1/26/2016 0:00,534.06,542.98,531.27,537.73,1.29E+08,50971
1/27/2016 0:00,541.18,543.88,540.03,542.69,1.14E+08,44100
1/28/2016 0:00,542.01,544.73,538.59,539.47,1.08E+08,44052
1/29/2016 0:00,539.96,545.71,537.51,545.25,9.88E+07,40805
2/1/2016 0:00,545.27,548.58,540.56,540.56,9.15E+07,39090
2/2/2016 0:00,537.71,542.26,535.38,536.45,8.21E+07,33942
2/3/2016 0:00,531.11,539.07,530.23,539.07,7.25E+07,31314
2/4/2016 0:00,542.91,545.17,541.66,542.15,5.90E+07,25423
2/5/2016 0:00,540.64,545.54,540.64,544.75,5.89E+07,23762
2/15/2016 0:00,540.13,544.59,537.81,543.79,6.37E+07,29034
2/16/2016 0:00,545.72,548.89,545.72,548.05,1.01E+08,42622
2/17/2016 0:00,551.38,552.38,547.05,547.05,1.08E+08,46939
2/18/2016 0:00,550.51,555.05,549.16,552.49,1.05E+08,46250
2/19/2016 0:00,552.37,555.16,551.38,554.03,1.77E+08,60850
2/22/2016 0:00,555.31,561.44,555.31,560.71,1.46E+08,59330
2/23/2016 0:00,564.75,567.58,561.09,561.28,1.51E+08,62549
2/24/2016 0:00,559.48,569.7,557.77,568.04,1.50E+08,61337
2/25/2016 0:00,571.15,573.63,562.82,562.82,1.29E+08,54250
2/26/2016 0:00,565.61,566.8,562.39,566.11,9.63E+07,43647
2/29/2016 0:00,565.61,566.31,559.37,559.37,1.17E+08,52105
3/1/2016 0:00,560.03,565.65,560.03,561.56,1.15E+08,50386
3/2/2016 0:00,564.85,570.18,562.97,570.18,1.40E+08,59632
3/3/2016 0:00,573.06,573.88,569.39,570.39,1.22E+08,53311
3/4/2016 0:00,570.18,576.02,568.83,573.65,1.31E+08,54757
3/7/2016 0:00,575.76,580.95,575.39,576.2,1.55E+08,63779
3/8/2016 0:00,576.75,579.87,574.53,574.71,1.41E+08,57712
3/9/2016 0:00,573.47,576.32,571.48,571.71,1.19E+08,50292
3/10/2016 0:00,574.07,575.91,571.52,575.91,1.18E+08,50799
3/11/2016 0:00,576.12,580.93,574.81,577.26,1.34E+08,58711
3/14/2016 0:00,579.61,579.84,576.26,577.98,1.22E+08,52250
3/15/2016 0:00,577.98,578.96,572.59,574.04,1.39E+08,58767
3/16/2016 0:00,573.88,577.96,573.37,577.07,1.39E+08,54892
3/17/2016 0:00,581.55,583.53,579.26,579.26,1.39E+08,56871
3/18/2016 0:00,579.95,580.81,575.44,575.82,1.74E+08,57325
3/21/2016 0:00,577.65,580.83,572.27,572.27,1.43E+08,57611
3/22/2016 0:00,572.27,573.8,567.8,570.91,1.23E+08,52864
3/23/2016 0:00,570.74,575.22,570.39,574.71,1.30E+08,51950
3/24/2016 0:00,573.93,577.21,570.66,570.66,1.40E+08,56750
3/25/2016 0:00,569.48,572.48,564.88,572.08,1.32E+08,55783
3/28/2016 0:00,573.69,575.98,571.58,575.72,1.11E+08,48083
3/29/2016 0:00,575.63,576.07,568.28,568.28,1.33E+08,57086
3/30/2016 0:00,566.08,571.89,565.55,569.91,1.22E+08,51160
3/31/2016 0:00,569.04,570.94,561.22,561.22,1.46E+08,61411
4/1/2016 0:00,560.64,562.73,557.96,558.43,1.16E+08,51057
4/4/2016 0:00,557.56,560.92,554.3,555.82,1.09E+08,46446
4/5/2016 0:00,555.98,560.32,555.15,560.32,1.12E+08,44197
4/6/2016 0:00,561.94,567.79,560.63,567.79,9.96E+07,44636
4/7/2016 0:00,570.72,572.56,567.01,571.6,1.18E+08,51461
4/8/2016 0:00,571.21,574.46,569.09,572.34,1.12E+08,50687
4/11/2016 0:00,575.11,581.88,575.01,579.27,1.30E+08,59346
4/12/2016 0:00,580.9,582.97,577.17,579.84,1.38E+08,62104
4/13/2016 0:00,580.77,582.81,575.65,578.02,1.31E+08,57596
4/14/2016 0:00,575.69,584.81,575.69,579.49,1.17E+08,51470
4/15/2016 0:00,581.54,586.36,579.86,579.86,1.15E+08,51085
4/19/2016 0:00,578.32,578.44,568.28,568.28,1.26E+08,55719
4/20/2016 0:00,569.8,571.71,565.3,568.03,1.09E+08,50180
4/21/2016 0:00,571.19,577.41,570.71,575.73,1.00E+08,46232
4/22/2016 0:00,574.57,592.48,574.57,592.48,1.30E+08,58820
4/25/2016 0:00,597.91,601.61,591.58,591.58,1.30E+08,56487
4/26/2016 0:00,590.99,598.48,590.19,598.48,1.33E+08,56219
4/27/2016 0:00,601.79,601.79,591.35,593.96,1.34E+08,56743
4/28/2016 0:00,594.98,597.28,589.97,591.67,9.40E+07,43214
4/29/2016 0:00,591.2,599.71,591.2,598.37,1.10E+08,49307
5/4/2016 0:00,595.95,603.08,592.43,599.07,1.32E+08,57520
5/5/2016 0:00,600.66,605.21,600.5,601.51,1.20E+08,56040
5/6/2016 0:00,602.4,608.94,602.17,606.52,1.13E+08,51879
5/9/2016 0:00,610.92,612.97,603.85,603.85,1.05E+08,48631
5/10/2016 0:00,600.35,605.46,597.74,605.05,1.08E+08,48284
5/11/2016 0:00,606.6,614.06,606.06,614.06,1.05E+08,47538
5/12/2016 0:00,615.55,617.56,612.12,612.12,8.66E+07,42203
5/13/2016 0:00,612.32,615.3,608.04,610.82,1.06E+08,48964
5/16/2016 0:00,610.13,616.17,608.49,615.78,9.01E+07,42537
5/17/2016 0:00,620.54,626.12,618.67,624.75,1.16E+08,52674
5/18/2016 0:00,625.53,627.81,621.79,622.45,1.13E+08,50339
5/19/2016 0:00,621.83,623.68,618.18,619.2,1.14E+08,48945
5/20/2016 0:00,620.72,622.48,614.41,614.81,8.92E+07,43008
5/23/2016 0:00,616.11,616.83,610.45,611.03,7.61E+07,38965
5/24/2016 0:00,612.23,613.14,608.15,611.62,9.55E+07,43743
5/25/2016 0:00,613.96,616.38,611.89,611.89,9.51E+07,42856
5/26/2016 0:00,611.88,613.37,604.34,604.34,9.44E+07,44824
5/27/2016 0:00,604.36,609.94,603.23,608.11,8.95E+07,41417
5/30/2016 0:00,609.98,615.52,608.46,614.5,1.02E+08,43317
5/31/2016 0:00,616.22,621.14,614.68,618.44,1.08E+08,49315
6/1/2016 0:00,618.18,620.24,616.33,619.86,9.97E+07,45955
6/2/2016 0:00,619.19,624.52,618.38,623.37,1.22E+08,51610
6/3/2016 0:00,623.21,625.19,621.62,621.88,1.19E+08,51433
6/6/2016 0:00,621.09,624.55,616.98,620.05,1.18E+08,53394
6/7/2016 0:00,622.4,624.69,620.05,624.65,1.12E+08,47585
6/8/2016 0:00,626.84,632.68,626.29,627.87,1.26E+08,55488
6/9/2016 0:00,628.4,631.26,626.27,631.26,1.16E+08,51704
6/10/2016 0:00,629.95,633.47,628.56,629.84,1.29E+08,57963
6/13/2016 0:00,626.26,627.36,621.4,623.58,1.16E+08,52251
6/14/2016 0:00,621.63,626.4,619.13,625.43,9.19E+07,46336
6/15/2016 0:00,624.63,628.75,621.76,627.02,1.04E+08,49244
6/16/2016 0:00,627.38,630.21,625.11,625.11,1.17E+08,53491
6/17/2016 0:00,622.92,624.59,618.16,619.25,1.44E+08,56551
6/20/2016 0:00,622.04,626.46,620.41,626.46,9.47E+07,46686
6/21/2016 0:00,629.03,631.96,628,628,1.08E+08,53852
6/22/2016 0:00,628.77,629.95,625.81,626.41,9.38E+07,46857
6/23/2016 0:00,626.47,632.6,626.47,632.27,1.06E+08,50429
6/24/2016 0:00,631.77,631.77,597.68,620.77,2.62E+08,104122
6/27/2016 0:00,616.19,621.27,608.26,621.27,1.02E+08,47649
6/28/2016 0:00,617.68,624.85,617.65,622.2,7.68E+07,38393
6/29/2016 0:00,623.56,631.25,623.56,630.12,1.13E+08,53903
6/30/2016 0:00,633.17,637.46,631.74,632.26,9.90E+07,49866
7/1/2016 0:00,632.26,643.55,632.26,640.3,1.07E+08,51199
7/4/2016 0:00,643.11,647.96,641.96,647.96,1.25E+08,59981
7/5/2016 0:00,650.47,658.45,647.52,650.88,1.40E+08,68746
7/6/2016 0:00,646.8,652.36,644.07,649.46,1.18E+08,57450
7/7/2016 0:00,652.49,661.12,652.13,661.12,1.30E+08,64482
7/8/2016 0:00,661.07,665.53,655.91,658.68,1.32E+08,64877
7/11/2016 0:00,658.92,664.89,648.77,652.26,1.47E+08,69167
7/12/2016 0:00,652.81,658.9,649.86,658.9,1.49E+08,63392
7/13/2016 0:00,662.04,676.06,662.04,675.12,1.39E+08,62202
7/14/2016 0:00,675.66,681.75,666.69,666.69,1.52E+08,71782
7/15/2016 0:00,666.69,670.18,661.47,664.56,1.16E+08,55463
7/18/2016 0:00,664.12,673.5,662.25,673.5,1.23E+08,53395
7/19/2016 0:00,675.89,677.35,660.09,667.76,1.31E+08,63132
7/20/2016 0:00,667.86,667.86,660.26,660.26,1.24E+08,54840
7/21/2016 0:00,662.72,665.9,656.03,659.57,1.05E+08,51857
7/22/2016 0:00,657.15,658.06,640.26,649.87,1.40E+08,63532
7/25/2016 0:00,651.33,654.17,646.04,649.3,8.64E+07,41912
7/26/2016 0:00,648.58,651.93,642.91,648.59,9.73E+07,46437
7/27/2016 0:00,647.98,656.11,647.74,656.11,1.12E+08,50511
7/28/2016 0:00,655.81,657.2,649.86,657.14,1.16E+08,51095
7/29/2016 0:00,654.19,657.88,650.98,652.23,1.12E+08,47722
8/1/2016 0:00,655.38,655.38,646.02,648.38,8.97E+07,42111
8/2/2016 0:00,643.2,643.2,633.33,636.05,1.36E+08,58489
8/3/2016 0:00,632.98,634.75,627.66,631.61,8.75E+07,41913
8/4/2016 0:00,633.74,641.02,631.94,631.94,1.04E+08,45784
8/5/2016 0:00,629.69,630.18,622.49,627.39,1.19E+08,51799
8/8/2016 0:00,627.39,629.91,622.14,629.46,8.41E+07,39250
8/9/2016 0:00,629.66,637.34,629.66,637.34,8.72E+07,42089
8/10/2016 0:00,637.21,648.48,637.21,648.33,1.08E+08,49925
8/11/2016 0:00,649.27,660.24,648.31,660.24,1.35E+08,58587
8/12/2016 0:00,665.14,668.52,652.67,655.71,1.18E+08,55058
8/15/2016 0:00,654.06,659.47,653.64,659.47,1.14E+08,49307
8/16/2016 0:00,659.47,662.13,656.83,658.11,1.28E+08,61528
8/17/2016 0:00,659.46,660.76,657.06,660.51,1.13E+08,54285
8/18/2016 0:00,663.56,665.94,656.35,660.65,1.20E+08,57554
8/19/2016 0:00,664.09,666.93,659.64,662.28,1.02E+08,53569
8/22/2016 0:00,662.87,664.95,657.68,657.68,1.10E+08,49295
8/23/2016 0:00,653.58,659.16,652.88,659.16,9.03E+07,43704
8/24/2016 0:00,660.95,665.43,659.7,660.77,9.83E+07,47891
8/25/2016 0:00,660.77,660.77,656.49,658.5,1.07E+08,50244
8/26/2016 0:00,662.9,668.84,662.9,667.75,1.10E+08,51024
8/29/2016 0:00,670.71,679.62,669.44,669.44,1.09E+08,56647
8/30/2016 0:00,667.96,672.67,666.33,672.67,8.74E+07,46591
8/31/2016 0:00,673.1,676.26,671.39,674.63,9.37E+07,49929
9/1/2016 0:00,674.19,674.72,664.77,669.19,9.39E+07,50640
9/5/2016 0:00,669.3,670.08,660.31,664.55,1.03E+08,55643
9/6/2016 0:00,666.38,668.4,663.9,663.9,8.79E+07,49433
9/7/2016 0:00,663.05,663.68,656.22,661.28,8.80E+07,50623
9/8/2016 0:00,661.89,668.2,660.54,666.07,1.13E+08,55979
9/9/2016 0:00,669.24,672.39,666.88,666.88,9.55E+07,52518
9/12/2016 0:00,666.04,666.04,655.55,659.76,8.86E+07,45207
9/13/2016 0:00,658.61,661.74,654.95,659.72,8.12E+07,41712
9/14/2016 0:00,658.16,661.82,656.64,656.64,9.30E+07,42053
9/15/2016 0:00,657.46,660.32,654.84,656.18,1.05E+08,45289
9/16/2016 0:00,654.68,657.53,651.31,651.31,1.84E+08,47920
9/19/2016 0:00,651.31,658.35,651.31,657.89,1.04E+08,51171
9/20/2016 0:00,656.2,663.37,653.28,663.37,1.00E+08,50944
9/21/2016 0:00,663.12,668.83,662.79,668.48,1.35E+08,55666
9/22/2016 0:00,671.41,675.36,668.48,671.38,1.13E+08,56655
9/23/2016 0:00,670.73,674.09,670.3,674.09,9.91E+07,49488
9/26/2016 0:00,673.21,677.04,671.51,677.04,9.20E+07,48057
9/27/2016 0:00,676.61,684.89,676.24,684.89,1.15E+08,57981
9/28/2016 0:00,684.99,687.94,682.98,686.72,1.12E+08,57185
9/29/2016 0:00,689.82,692.17,685.91,688.55,1.10E+08,58684
9/30/2016 0:00,688.55,689.12,684.62,685.73,1.02E+08,53299
10/3/2016 0:00,687.68,688.42,681.99,683.05,1.08E+08,54047
10/4/2016 0:00,682.82,689.17,680.24,684.2,1.12E+08,60750
10/5/2016 0:00,686.41,689.5,685.48,687.04,1.06E+08,48904
10/6/2016 0:00,689.1,690.93,687.04,687.32,1.41E+08,56470
10/7/2016 0:00,689.51,690.19,680.26,683.95,1.29E+08,58868
10/10/2016 0:00,684.05,684.46,674.19,674.19,1.20E+08,53702
10/11/2016 0:00,677.63,682.36,669.2,682.36,1.26E+08,62629
10/12/2016 0:00,683.88,686.18,681.12,682.45,1.08E+08,50531
10/13/2016 0:00,680.73,685.23,678.79,685.23,1.18E+08,51748
10/14/2016 0:00,685.06,690.62,684.78,687,1.35E+08,56742
10/17/2016 0:00,687.18,687.94,680.95,680.95,1.06E+08,50701
10/18/2016 0:00,680.44,682.99,678.13,682.02,1.01E+08,48809
10/19/2016 0:00,683.83,689.88,683.25,688.89,1.23E+08,52899
10/20/2016 0:00,690.45,690.86,685.63,686.39,1.06E+08,45869
10/21/2016 0:00,685.77,687.54,683.76,684.83,1.12E+08,50548
10/24/2016 0:00,683.14,684.51,677.89,678.02,9.20E+07,46907
10/25/2016 0:00,676.29,677.47,670.6,676.18,1.08E+08,48473
10/26/2016 0:00,676.18,676.18,670.8,673.61,9.20E+07,40884
10/27/2016 0:00,672.81,676.9,671.61,676.9,8.55E+07,38952
10/28/2016 0:00,676.74,682.25,675.85,682.25,1.03E+08,43536
10/31/2016 0:00,682.11,683.34,675.8,675.8,1.14E+08,48777
11/1/2016 0:00,675.13,676.6,672.33,676.6,1.04E+08,42499
11/2/2016 0:00,675.68,678.14,671.4,671.4,1.28E+08,44607
11/3/2016 0:00,668.66,668.66,661.86,667.63,1.15E+08,48822
11/4/2016 0:00,666.93,668.99,665.08,666.73,7.45E+07,34622
11/7/2016 0:00,667.12,674.36,666.61,674.14,8.65E+07,39655
11/8/2016 0:00,675.82,677.91,674.33,676.46,7.76E+07,37872
11/9/2016 0:00,675.57,675.57,656.68,670.26,1.30E+08,65002
11/10/2016 0:00,675.36,678.57,675.18,678.17,1.05E+08,47500
11/11/2016 0:00,678.38,679.56,676.73,679.2,9.66E+07,45305
11/14/2016 0:00,677.13,679.96,672.45,673.05,1.12E+08,54347
11/15/2016 0:00,673.75,675.73,671.55,674.26,1.05E+08,48161
11/16/2016 0:00,674.85,676.9,673.95,674.6,1.02E+08,48059
11/17/2016 0:00,674.5,676.48,673.13,674.57,1.19E+08,49178
11/18/2016 0:00,673.82,675.15,669.18,673.25,9.62E+07,48861
11/21/2016 0:00,673.2,675.04,671.65,674.29,9.63E+07,44104
11/22/2016 0:00,675.23,681.91,675.23,681.91,1.06E+08,49737
11/23/2016 0:00,681.17,684.12,679.81,683.16,1.10E+08,50827
11/24/2016 0:00,683.61,683.61,676.39,678.18,1.18E+08,53416
11/25/2016 0:00,678.47,678.87,671.48,675.87,1.09E+08,51308
11/28/2016 0:00,672.38,673.18,660.96,665.29,9.48E+07,49080
11/29/2016 0:00,665.11,667.79,658.26,658.26,1.11E+08,49995
11/30/2016 0:00,658.44,665.78,654.99,665.07,1.15E+08,53474
12/1/2016 0:00,670.75,670.81,666.54,666.54,1.08E+08,49329
12/2/2016 0:00,667.02,667.39,662.09,665.14,1.07E+08,50347
12/5/2016 0:00,663.06,663.87,658.11,660.21,8.70E+07,44296
12/6/2016 0:00,660.68,660.77,648.37,651.49,1.18E+08,53158
12/7/2016 0:00,648.63,654.13,647.33,653.53,1.04E+08,45714
12/8/2016 0:00,655.48,660.72,655.48,658.89,9.08E+07,40673
12/9/2016 0:00,659.46,664.46,659.46,663.07,8.00E+07,39758
12/12/2016 0:00,663.7,664.67,658.84,659.7,9.44E+07,43654
12/13/2016 0:00,662.27,663.54,654.34,654.66,1.11E+08,48438
12/14/2016 0:00,657.39,665.14,657.39,665.14,1.94E+08,52610
12/15/2016 0:00,668.07,668.07,664.08,665.92,1.07E+08,48484
12/16/2016 0:00,670.43,675.19,668.3,675.16,1.56E+08,46221
12/19/2016 0:00,673.98,679.9,673.88,674.33,1.07E+08,49114
12/20/2016 0:00,673.93,674.28,662.66,662.66,9.26E+07,47391
12/21/2016 0:00,662.36,667.06,657.4,666.94,8.19E+07,42230
12/22/2016 0:00,669.01,669.95,663.7,664.15,8.63E+07,42624
12/23/2016 0:00,663.75,664.37,659.18,664.37,7.21E+07,34751
12/26/2016 0:00,665.67,665.73,662.09,662.45,6.70E+07,36598
12/27/2016 0:00,662.66,665.5,661.41,663.86,9.56E+07,45219
12/28/2016 0:00,665.9,666.64,661.8,663.5,1.02E+08,42760
12/29/2016 0:00,666.43,666.43,663.95,664.72,9.93E+07,42092
12/30/2016 0:00,664.17,665.49,663.39,664.87,9.01E+07,38607
1/3/2017 0:00,665.92,672.34,665.43,672.01,7.97E+07,40889
1/4/2017 0:00,672.58,675.93,672.21,674.7,9.23E+07,45587
1/5/2017 0:00,674.82,675.92,673.31,675.81,9.27E+07,43640
1/6/2017 0:00,675.35,683.76,675.22,679.8,1.12E+08,52556
1/9/2017 0:00,681.74,684.88,681.74,682.57,8.82E+07,43451
1/10/2017 0:00,682.77,683.02,680.76,681.07,7.89E+07,41518
1/11/2017 0:00,680.85,687.16,680.85,687.16,9.65E+07,46820
1/12/2017 0:00,688.71,688.99,685.59,686.96,1.03E+08,46478
1/13/2017 0:00,686.58,688.62,685.06,685.06,8.22E+07,42557
1/16/2017 0:00,684.62,684.82,677.85,677.94,7.61E+07,40284
1/17/2017 0:00,678.83,684.73,678.83,684.71,9.41E+07,44051
1/18/2017 0:00,683.74,688.07,683.28,683.28,8.47E+07,40805
1/19/2017 0:00,683.02,684.19,680.8,682.31,6.91E+07,34412
1/20/2017 0:00,684.05,688.42,684.05,686.26,8.00E+07,39746
1/23/2017 0:00,687.83,689.47,686.46,687.15,7.58E+07,36705
1/24/2017 0:00,687.08,692.75,687.08,691.36,9.25E+07,37507
1/25/2017 0:00,693.07,697.28,691.19,697.28,8.93E+07,37298
2/2/2017 0:00,699.8,703.2,697.71,703.18,8.21E+07,43288
2/3/2017 0:00,704.69,708.1,700.09,700.35,1.19E+08,57024
2/6/2017 0:00,702.02,702.02,696.92,700.04,1.16E+08,55877
2/7/2017 0:00,699.99,703.3,698.99,701.91,1.51E+08,64139
2/8/2017 0:00,702.67,702.77,700.47,702.04,1.31E+08,56140
2/9/2017 0:00,700.93,702.64,700.21,700.65,1.38E+08,63318
2/10/2017 0:00,701.15,704.08,701.15,703.78,1.29E+08,59653
2/13/2017 0:00,704.61,706.47,703.58,705.9,1.58E+08,68206
2/14/2017 0:00,706.41,707.32,703.85,706.26,1.69E+08,70522
2/15/2017 0:00,706.84,711.73,706.84,711.57,1.52E+08,68685
2/16/2017 0:00,712.61,717.57,709.35,709.35,1.90E+08,83262
2/17/2017 0:00,709.52,710.21,705.84,707.83,1.59E+08,71650
2/20/2017 0:00,705.72,711.4,704.41,710.59,1.87E+08,78113
2/21/2017 0:00,711.49,718.06,711.49,716.55,1.99E+08,79111
2/22/2017 0:00,717.77,719.09,715.36,717.24,2.13E+08,85033
2/23/2017 0:00,717.49,719.58,712.36,716.87,2.11E+08,82078
2/24/2017 0:00,716.35,717.94,713.7,714.47,2.31E+08,81868
2/27/2017 0:00,711.7,718.37,711.7,717.44,1.77E+08,71663
2/28/2017 0:00,718.24,719.14,710.79,710.79,1.84E+08,72896
3/1/2017 0:00,710.7,712.49,705.79,709.52,2.11E+08,76393
3/2/2017 0:00,712.68,713.53,707.51,707.51,1.65E+08,62103
3/3/2017 0:00,708.23,712.62,705.83,712.62,1.63E+08,64217
3/6/2017 0:00,714.61,718.04,714.01,716.29,1.56E+08,64623
3/7/2017 0:00,716.46,716.95,714.27,716.54,1.76E+08,64817
3/8/2017 0:00,715.04,718.78,713.89,716.6,1.63E+08,65125
3/9/2017 0:00,715.86,718.23,714.96,715.8,1.86E+08,68286
3/10/2017 0:00,715.85,716.81,712.21,712.21,1.86E+08,64420
3/13/2017 0:00,711.93,712.63,707.63,710.17,1.29E+08,58053
3/14/2017 0:00,709.9,716.49,709.9,714.71,1.26E+08,59309
3/15/2017 0:00,715.63,716.49,713.14,713.14,1.30E+08,61867
3/16/2017 0:00,712.56,715.03,710.66,714.92,1.62E+08,68483
3/17/2017 0:00,715.82,717.1,710.54,710.54,2.35E+08,68353
3/20/2017 0:00,711.44,717.54,711.44,715.07,1.58E+08,70132
3/21/2017 0:00,717.03,718.8,714.78,716.18,2.02E+08,82589
3/22/2017 0:00,715.78,720.68,712.94,712.94,2.55E+08,90455
3/23/2017 0:00,712.61,719.56,712.61,719.56,1.77E+08,69767
3/24/2017 0:00,722.42,724.36,719.56,722.14,2.00E+08,73973
3/27/2017 0:00,723.23,725.57,721.41,723.52,2.07E+08,76445
3/28/2017 0:00,724.37,725,718.66,719.26,1.87E+08,71128
3/29/2017 0:00,719.08,721.92,718.37,720.47,1.73E+08,68273
3/30/2017 0:00,721.87,725.91,721.87,723.86,1.80E+08,71357
3/31/2017 0:00,725.97,726.67,722.31,722.31,1.82E+08,67387
4/3/2017 0:00,723.02,724.37,721.58,722.38,1.78E+08,69515
4/4/2017 0:00,723.7,724.67,722.79,724.14,1.87E+08,71885
4/5/2017 0:00,724.89,726.03,722.49,723.22,1.97E+08,68001
4/7/2017 0:00,721.85,727.95,720.28,727.95,1.90E+08,63048
4/10/2017 0:00,728.71,730.9,727.77,729.87,1.44E+08,60381
4/11/2017 0:00,730.15,732.24,730.15,731.33,1.97E+08,71614
4/12/2017 0:00,731.62,732.87,724.48,725.58,2.14E+08,79423
4/13/2017 0:00,725.54,727.34,723.88,724.35,1.68E+08,63816
4/14/2017 0:00,722.47,722.96,714.13,718.45,1.83E+08,72302
4/17/2017 0:00,718.93,721.78,710.83,710.83,1.55E+08,62089
4/18/2017 0:00,708.64,714.93,705.55,714.93,1.57E+08,58771
4/19/2017 0:00,714.87,716.77,714.02,716.77,1.42E+08,56703
4/20/2017 0:00,716.76,716.76,712.66,712.66,1.26E+08,55036
4/21/2017 0:00,712.77,715.08,711.08,712.41,1.35E+08,55488
4/24/2017 0:00,711.6,712.77,709.39,709.39,1.31E+08,55507
4/25/2017 0:00,709,709.81,706.04,707.58,1.18E+08,52339
4/26/2017 0:00,706.36,710.04,706.32,710.04,1.34E+08,54044
4/27/2017 0:00,711.74,716.53,711.38,716.53,1.64E+08,63293
4/28/2017 0:00,715.9,718.54,713.83,717.73,1.75E+08,68923
5/3/2017 0:00,718.7,719.54,716.66,719.54,1.71E+08,72874
5/4/2017 0:00,717.98,723.22,717.98,722.02,2.00E+08,81472
5/5/2017 0:00,720.39,721.65,719.86,720,1.80E+08,69141
5/8/2017 0:00,720.61,720.61,717.98,718.86,2.01E+08,79676
5/9/2017 0:00,717.55,722.11,716.95,722.11,2.09E+08,82030
5/10/2017 0:00,721.94,727.52,721.81,724.31,2.07E+08,83892
5/11/2017 0:00,724.84,726.82,723.39,724.99,1.84E+08,78346
5/12/2017 0:00,724.63,726.4,724.41,725.37,1.76E+08,74604
5/15/2017 0:00,725.25,726.19,723.18,725.35,2.25E+08,84478
5/16/2017 0:00,725.84,727.86,725.03,725.03,2.84E+08,101451
5/17/2017 0:00,724.01,728.01,722.81,727.2,1.98E+08,80143
5/18/2017 0:00,727.2,729,723.8,726.99,2.08E+08,84057
5/19/2017 0:00,727.61,733.82,726.79,733.82,2.06E+08,83658
5/22/2017 0:00,738.63,746.87,738.63,744.1,2.40E+08,97517
5/23/2017 0:00,744.32,746.18,740.28,740.93,2.60E+08,94120
5/24/2017 0:00,739.91,744.27,737.3,742.74,1.99E+08,86771
5/25/2017 0:00,744.24,746.48,740.89,741.91,1.93E+08,84119
5/26/2017 0:00,741.4,743.46,740.6,743.41,1.83E+08,78070
5/29/2017 0:00,746.08,748.06,745.31,746.25,2.38E+08,89841
5/30/2017 0:00,747.07,747.43,738.21,738.21,2.44E+08,98753
5/31/2017 0:00,738.91,741.93,735.39,737.82,1.87E+08,78062
6/1/2017 0:00,739.45,742.23,738.71,741.8,1.37E+08,61566
6/2/2017 0:00,741.48,742.11,736.09,738.81,1.58E+08,71085
6/5/2017 0:00,739.13,745.14,738.35,743.49,1.58E+08,72900
6/6/2017 0:00,743.99,751.31,743.99,751.31,1.71E+08,75083
6/7/2017 0:00,752.75,754.92,751.65,753.46,1.92E+08,83833
6/8/2017 0:00,751.7,751.96,748.91,750.13,1.77E+08,81704
6/9/2017 0:00,749.46,752.01,749.04,749.72,1.71E+08,77336
6/12/2017 0:00,751.33,753.41,749,751.09,1.69E+08,76664
6/13/2017 0:00,751.09,756.89,750.1,756.89,1.61E+08,74095
6/14/2017 0:00,758.26,761.7,756.82,760.77,1.72E+08,77093
6/15/2017 0:00,760.38,762.98,758.17,760.57,1.67E+08,74652
6/16/2017 0:00,761.75,762.43,759.98,761.24,1.98E+08,68584
6/19/2017 0:00,763.75,766.83,762.33,766.83,1.79E+08,82088
6/20/2017 0:00,767.59,768.29,764.42,767.99,1.74E+08,83968
6/21/2017 0:00,765.71,767.83,758.9,767.41,1.93E+08,88934
6/22/2017 0:00,768.41,769.99,766.3,766.3,1.95E+08,89062
6/23/2017 0:00,765.66,769.01,763.64,769.01,2.13E+08,91197
6/26/2017 0:00,770.5,773.14,769.73,772.52,2.12E+08,89831
6/27/2017 0:00,773.15,773.4,767.19,767.51,2.17E+08,90743
6/28/2017 0:00,766.82,769.04,762.78,769.04,1.84E+08,73759
6/29/2017 0:00,771.26,773.08,769.89,771.75,1.98E+08,81781
6/30/2017 0:00,773.46,776.5,773.46,776.47,1.74E+08,79344
7/3/2017 0:00,777.2,780.01,775.53,778.88,1.85E+08,82450
7/4/2017 0:00,779.15,779.15,772.9,775.54,2.10E+08,84172
7/5/2017 0:00,775.85,778.32,773.81,778.32,2.03E+08,81543
7/6/2017 0:00,780.5,782.77,779.99,782.65,2.17E+08,85895
7/7/2017 0:00,783.73,783.8,775.73,775.73,2.37E+08,95706
7/10/2017 0:00,775.85,775.85,764.43,766.56,2.07E+08,91683
7/11/2017 0:00,766.56,769.36,761.57,769.36,1.99E+08,84219
7/12/2017 0:00,772.6,775.08,769.83,774.17,1.64E+08,72995
7/13/2017 0:00,777.12,778.3,773.85,778.3,1.83E+08,76720
7/14/2017 0:00,779.72,780.65,776.88,777.6,1.90E+08,75789
7/17/2017 0:00,777.7,778.3,766.47,768.91,2.26E+08,98339
7/18/2017 0:00,766.88,770.37,762.68,767.49,2.00E+08,85338
7/19/2017 0:00,771.33,774.12,770.18,771.3,2.05E+08,79947
7/20/2017 0:00,768.56,768.56,763.55,768.41,1.72E+08,75951
7/21/2017 0:00,768.9,770.43,761.86,761.86,1.62E+08,74559
7/24/2017 0:00,759.97,761.64,753.82,759.74,1.47E+08,68561
7/25/2017 0:00,757.43,767.27,757.35,767.27,1.40E+08,64050
7/26/2017 0:00,769.35,773.88,764.92,773.88,1.89E+08,79454
7/27/2017 0:00,773.21,774.97,770.3,771.5,1.91E+08,80687
7/28/2017 0:00,771.21,777.09,770.82,777.09,1.77E+08,76870
7/31/2017 0:00,777.54,783.58,776.98,783.55,2.59E+08,94348
8/1/2017 0:00,784.44,787.68,784.15,786.81,2.01E+08,87747
8/2/2017 0:00,783.45,788.97,779.81,786.23,1.95E+08,82284
8/3/2017 0:00,786.23,790.82,786.19,788.49,1.95E+08,83411
8/4/2017 0:00,789.46,790.12,786.09,788.68,1.90E+08,82082
8/7/2017 0:00,789.41,796.09,788.66,792.98,2.10E+08,88910
8/8/2017 0:00,795.8,796.62,789.84,791.57,2.14E+08,90654
8/9/2017 0:00,789.15,789.15,773.66,773.66,2.93E+08,115382
8/10/2017 0:00,769.58,776.77,769.58,773.43,1.79E+08,72238
8/11/2017 0:00,773.43,774.31,769.14,772.08,1.57E+08,64936
8/14/2017 0:00,770.65,776.42,770.65,776.17,1.60E+08,68478
8/15/2017 0:00,776.64,776.83,770.09,771.06,1.46E+08,67126
8/16/2017 0:00,771.1,773.57,766.8,773.57,1.56E+08,67503
8/17/2017 0:00,773.48,774.47,767.59,767.59,2.21E+08,77338
8/18/2017 0:00,762.82,770.79,762.46,768.97,1.62E+08,68783
8/21/2017 0:00,767.42,769.71,765.95,768.79,1.52E+08,61877
8/22/2017 0:00,768.2,768.44,760.3,761.26,1.46E+08,65044
8/23/2017 0:00,762.42,765.98,759.01,765.98,1.53E+08,59117
8/24/2017 0:00,766.48,771.65,764.64,769.77,2.09E+08,73904
8/25/2017 0:00,769.07,771.63,768.57,771.63,2.18E+08,76539
8/28/2017 0:00,771.81,777.26,770.51,777.26,2.41E+08,85044
8/29/2017 0:00,773.91,777.11,773.87,774.03,2.56E+08,89672
8/30/2017 0:00,774.31,778.65,773.85,778.65,1.94E+08,73641
8/31/2017 0:00,779.19,785.78,778.19,782.76,1.92E+08,79512
9/1/2017 0:00,784.42,789.19,784.18,788.73,1.38E+08,64519
9/5/2017 0:00,790.26,794.46,787.8,792.31,1.53E+08,70289
9/6/2017 0:00,792.16,793.82,788.89,793.55,1.44E+08,67405
9/7/2017 0:00,793.61,798.58,792.77,796.72,1.44E+08,70933
9/8/2017 0:00,797.98,802.9,797.82,801.2,1.22E+08,64265
9/11/2017 0:00,801.2,805.44,797.47,797.47,1.39E+08,72300
9/12/2017 0:00,795.53,801.01,794.88,799.94,1.33E+08,66526
9/13/2017 0:00,802.85,804.38,800.39,802.78,1.40E+08,73994
9/14/2017 0:00,803.34,807.29,803.23,806.32,1.39E+08,70290
9/15/2017 0:00,803.35,805.82,802.08,805.82,1.43E+08,63562
9/18/2017 0:00,808.51,809.39,805.37,807.87,1.68E+08,82523
9/19/2017 0:00,807.41,810.13,805.87,805.93,1.60E+08,77807
9/20/2017 0:00,806.88,807.51,803.33,805.86,1.37E+08,69327
9/21/2017 0:00,805.29,806.52,802.6,803.93,1.31E+08,66240
9/22/2017 0:00,805.15,808.16,803.94,807.13,1.50E+08,72667
9/25/2017 0:00,806.9,807.64,802.23,805.58,1.26E+08,66392
9/26/2017 0:00,806.4,806.84,801.66,805.35,1.56E+08,74113
9/27/2017 0:00,803.32,805.04,801.74,803.77,1.42E+08,67092
9/28/2017 0:00,803.1,810.35,803.1,804.82,1.62E+08,77868
9/29/2017 0:00,805.07,808.77,804.42,804.42,1.24E+08,62490
10/2/2017 0:00,805.29,808.09,801.7,802.23,1.01E+08,54294
10/3/2017 0:00,803.98,804.39,795.05,798,1.48E+08,72794
10/4/2017 0:00,797.39,805.66,797,805.66,1.09E+08,55739
10/5/2017 0:00,806.56,810.54,805.22,805.23,1.39E+08,64003
10/6/2017 0:00,805.7,808.13,803.81,807.8,1.20E+08,54827
10/9/2017 0:00,809.61,810.75,806.78,808.96,1.29E+08,63148
10/10/2017 0:00,808.43,810.65,806.3,810.65,1.38E+08,67531
10/11/2017 0:00,811.2,815.11,811.2,813.95,1.63E+08,75407
10/12/2017 0:00,814.43,818.44,813.72,815.87,1.37E+08,73119
10/13/2017 0:00,814.6,820.95,814.2,820.95,1.41E+08,69051
10/16/2017 0:00,821.54,823.85,819.43,819.43,1.50E+08,75545
10/17/2017 0:00,819.51,828.29,819.43,828.29,1.62E+08,79063
10/18/2017 0:00,829.43,831.15,826.72,827.72,1.83E+08,86015
10/19/2017 0:00,828.89,831.61,825.5,828.93,1.44E+08,71675
10/20/2017 0:00,827.93,833.57,826.84,826.84,1.76E+08,81248
10/23/2017 0:00,826.25,827.24,818.81,820.04,1.94E+08,86077
10/24/2017 0:00,818.08,825.24,814.92,825.24,1.42E+08,66422
10/25/2017 0:00,826.08,830.69,822.83,830.69,1.21E+08,63366
10/26/2017 0:00,829.94,834.67,823.92,830.11,1.67E+08,78440
10/27/2017 0:00,829.15,840.37,828.45,840.37,1.26E+08,66565
10/30/2017 0:00,842.92,849.3,842.92,845.2,1.62E+08,84160
10/31/2017 0:00,844.27,845.93,837.28,837.28,1.60E+08,76166
11/1/2017 0:00,838.75,842.88,838.01,842.71,1.55E+08,76154
11/2/2017 0:00,842.19,849.53,833.09,833.09,1.74E+08,87102
11/3/2017 0:00,833.16,843.73,831.58,843.73,1.50E+08,74853
11/6/2017 0:00,846.12,849.09,843.76,849.09,1.28E+08,69010
11/7/2017 0:00,850.2,854.6,847.88,850.33,1.51E+08,77017
11/8/2017 0:00,853.15,863.07,852.32,859.7,1.47E+08,78616
11/9/2017 0:00,862.38,864.2,858.16,860.4,1.43E+08,76875
11/10/2017 0:00,859.91,869.37,859.24,868.21,1.50E+08,81207
11/13/2017 0:00,871.7,879.34,871.7,879.34,1.89E+08,94072
11/14/2017 0:00,881.15,884.14,874.74,880.9,1.69E+08,93884
11/15/2017 0:00,877.65,884.83,876.6,882.59,1.62E+08,84370
11/16/2017 0:00,880.17,892.8,880.17,892.8,1.70E+08,85949
11/17/2017 0:00,893.99,898.11,886.86,890.69,1.68E+08,89477
11/20/2017 0:00,890.34,903.55,889.55,903.55,1.45E+08,78152
11/21/2017 0:00,907.51,929.89,907.51,918.3,2.08E+08,107731
11/22/2017 0:00,921.13,932.66,921.13,932.66,1.81E+08,94821
11/23/2017 0:00,938.31,943.15,927,933.7,2.05E+08,103290
11/24/2017 0:00,930.52,937.54,924.65,935.57,2.00E+08,97018
11/27/2017 0:00,933.38,947.06,931.29,938.61,2.26E+08,107532
11/28/2017 0:00,939.1,943.45,933.59,941.21,3.24E+08,99614
11/29/2017 0:00,943.46,952.14,940.4,952.14,2.06E+08,98060
11/30/2017 0:00,956.17,960.11,949.93,949.93,2.25E+08,104854
12/1/2017 0:00,952.76,960.33,952.76,960.33,2.05E+08,92761
12/4/2017 0:00,962.47,972.53,962.47,970.02,2.53E+08,112378
12/5/2017 0:00,972.28,974.8,953.3,953.3,2.38E+08,123722
12/6/2017 0:00,950.21,950.72,932.64,947.64,2.25E+08,110250
12/7/2017 0:00,950.23,954.24,932.68,938.65,1.63E+08,92017
12/8/2017 0:00,938.41,944.75,930.29,940.16,1.53E+08,82909
12/11/2017 0:00,930.17,936.93,917.45,917.45,1.70E+08,82582
12/12/2017 0:00,927.67,931.12,895.73,927.25,2.25E+08,112944
12/13/2017 0:00,932.05,932.48,922.97,924.4,1.27E+08,70324
12/14/2017 0:00,925.51,936.29,923.99,935.85,1.54E+08,77509
12/15/2017 0:00,933.63,939.57,932.96,935.16,2.30E+08,94503
12/18/2017 0:00,945.9,958.06,945.9,958.06,2.26E+08,94701
12/19/2017 0:00,961.03,963.01,951.25,951.42,2.07E+08,104436
12/20/2017 0:00,945.12,958.82,945.12,953.51,1.74E+08,94105
12/21/2017 0:00,949.45,957.56,946.06,946.06,1.47E+08,85171
12/22/2017 0:00,947.54,952.7,945.18,952.32,1.47E+08,78617
12/25/2017 0:00,954.28,958.57,952.41,958.31,1.16E+08,71551
12/26/2017 0:00,960.32,965.93,957.24,965.93,1.35E+08,74408
12/27/2017 0:00,969.72,972.6,965.18,968.46,1.78E+08,89259
12/28/2017 0:00,970.63,978.65,967.73,976.72,1.44E+08,77117
12/29/2017 0:00,978.39,990.1,976.33,984.24,1.81E+08,90071
1/2/2018 0:00,986.05,996.18,984.34,995.77,1.73E+08,97610
1/3/2018 0:00,999.86,1010.21,998.41,1005.67,2.13E+08,110580
1/4/2018 0:00,1009.37,1019.75,1009,1019.75,2.35E+08,111897
1/5/2018 0:00,1020.34,1020.6,1010.65,1012.65,2.68E+08,117454
1/8/2018 0:00,1011.36,1022.9,1004.89,1022.9,2.36E+08,113082
1/9/2018 0:00,1027.14,1033.56,1017.86,1033.56,2.90E+08,128653
1/10/2018 0:00,1034.64,1045.63,1033.01,1038.11,3.42E+08,141587
1/11/2018 0:00,1037.03,1049.73,1031.13,1048.17,2.89E+08,126215
1/12/2018 0:00,1050.17,1057.88,1046.38,1050.11,3.21E+08,141645
1/15/2018 0:00,1049.91,1063.47,1043.15,1063.47,2.57E+08,117110
1/16/2018 0:00,1059.36,1065.39,1052.43,1062.96,2.95E+08,127742
1/17/2018 0:00,1061.98,1064.77,1034.69,1034.69,2.94E+08,128910
1/18/2018 0:00,1028.76,1050.25,1020.01,1050.25,2.57E+08,121903
1/19/2018 0:00,1054.33,1067.21,1053.37,1062.07,2.80E+08,121918
1/22/2018 0:00,1066.86,1088.05,1066.61,1087.42,2.46E+08,117550
1/25/2018 0:00,1098.44,1116.95,1098.44,1104.57,4.46E+08,180138
1/26/2018 0:00,1119.78,1123.83,1103.06,1115.64,2.62E+08,124868
1/29/2018 0:00,1121.78,1130.1,1109.8,1109.8,2.63E+08,123670
1/30/2018 0:00,1099.98,1110.56,1092.44,1110.56,2.88E+08,130202
1/31/2018 0:00,1112.23,1128.1,1104.98,1110.36,3.14E+08,137389
2/1/2018 0:00,1111.74,1111.74,1090.25,1099.67,2.34E+08,106198
2/2/2018 0:00,1098.66,1105.04,1091.06,1105.04,1.73E+08,84576
2/5/2018 0:00,1089.62,1090.88,1048.71,1048.71,2.48E+08,117255
2/6/2018 0:00,1026.08,1026.08,983.06,1011.6,3.65E+08,135890
2/7/2018 0:00,1040.53,1048.54,1034.13,1040.55,2.09E+08,92282
2/8/2018 0:00,1031.46,1039.61,1023.25,1023.25,1.61E+08,73863
2/9/2018 0:00,991.09,1003.94,973.78,1003.94,2.00E+08,90783
2/12/2018 0:00,1011.64,1041.79,1011.64,1041.79,1.62E+08,76531
2/13/2018 0:00,1053.31,1060.48,1052.86,1059.73,1.59E+08,77501
2/21/2018 0:00,1073.33,1092.65,1070.43,1087.15,1.65E+08,89628
2/22/2018 0:00,1087.15,1091.62,1074.27,1076.03,1.85E+08,100270
2/23/2018 0:00,1086.81,1102.85,1081.31,1102.85,1.78E+08,93477
2/26/2018 0:00,1115.9,1127.57,1114.06,1114.53,2.22E+08,127408
2/27/2018 0:00,1124.03,1124.03,1106.77,1119.61,1.75E+08,101306
2/28/2018 0:00,1110.3,1129.89,1109.89,1121.54,2.14E+08,113477
3/1/2018 0:00,1121.54,1129.3,1110.92,1115.79,2.07E+08,120928
3/2/2018 0:00,1103.16,1121.91,1103.16,1121.21,1.88E+08,101906
3/5/2018 0:00,1129.92,1132.69,1093.48,1093.48,2.53E+08,138883
3/6/2018 0:00,1106.28,1120.29,1091.67,1120.29,2.10E+08,108011
3/7/2018 0:00,1121.99,1126.67,1103.29,1112.26,2.40E+08,120077
3/8/2018 0:00,1112.24,1126.35,1111.76,1124.15,1.87E+08,89308
3/9/2018 0:00,1128.73,1135.02,1119.18,1123.41,2.06E+08,108008
3/12/2018 0:00,1135.37,1135.48,1123.98,1126.29,1.97E+08,105347
3/13/2018 0:00,1126.53,1133.31,1118.49,1133.31,2.08E+08,107596
3/14/2018 0:00,1135.99,1142.88,1134.55,1138.09,2.23E+08,119670
3/15/2018 0:00,1134.51,1140.74,1129.66,1138.76,2.07E+08,111952
3/16/2018 0:00,1144.54,1152.52,1140.56,1150.19,2.60E+08,115259
3/19/2018 0:00,1158.16,1165.63,1155.82,1159.22,2.22E+08,116703
3/20/2018 0:00,1154.48,1166.33,1154.48,1159.39,1.90E+08,103947
3/21/2018 0:00,1166.51,1172.31,1163.91,1169.36,2.13E+08,112334
3/22/2018 0:00,1175.22,1180.44,1169.48,1172.36,2.16E+08,110500
3/23/2018 0:00,1154.25,1157.2,1138.53,1153.59,2.37E+08,126283
3/26/2018 0:00,1150.51,1176.95,1150.51,1171.22,1.76E+08,96753
3/27/2018 0:00,1187.42,1187.42,1169.58,1171.73,2.01E+08,104704
3/28/2018 0:00,1168.87,1179.18,1165.71,1172.24,1.65E+08,89129
3/29/2018 0:00,1174.73,1176.45,1164.12,1167.03,1.50E+08,86043
3/30/2018 0:00,1169.29,1175.36,1158.49,1174.46,1.50E+08,88974
4/2/2018 0:00,1180.26,1196.61,1179.73,1196.61,2.21E+08,120856
4/3/2018 0:00,1197,1199.93,1185.83,1188.29,2.18E+08,126165
4/4/2018 0:00,1194.26,1200.71,1189.46,1191.54,1.94E+08,113048
4/5/2018 0:00,1197.76,1199.15,1186.75,1193.17,1.87E+08,105832
4/6/2018 0:00,1194.15,1202.59,1194.15,1199.96,2.18E+08,121391
4/9/2018 0:00,1202.44,1207.45,1197.44,1204.33,2.23E+08,129621
4/10/2018 0:00,1207.62,1211.34,1192.22,1198.12,2.47E+08,140795
4/11/2018 0:00,1201.51,1202.46,1167.11,1167.11,2.46E+08,141455
4/12/2018 0:00,1162.48,1173.02,1153.64,1173.02,1.69E+08,103026
4/13/2018 0:00,1178.57,1181.52,1153.93,1157.14,1.57E+08,103571
4/16/2018 0:00,1156.54,1159.45,1141.81,1148.49,1.39E+08,87630
4/17/2018 0:00,1149.02,1156.7,1139.33,1153.28,1.40E+08,85274
4/18/2018 0:00,1157.67,1160.32,1138.42,1138.53,1.52E+08,92251
4/19/2018 0:00,1137.99,1137.99,1094.63,1094.63,1.84E+08,117162
4/20/2018 0:00,1095.84,1119.86,1078.01,1119.86,1.43E+08,90839
4/23/2018 0:00,1124.33,1127.24,1076.78,1076.78,1.95E+08,111712
4/24/2018 0:00,1064.86,1084.89,1048.68,1080.74,1.66E+08,96732
4/26/2018 0:00,1082.52,1082.52,1039.35,1044.86,1.85E+08,100423
4/27/2018 0:00,1037.36,1054.94,1031.89,1050.26,1.53E+08,93395
5/2/2018 0:00,1053.26,1053.52,1024.75,1029.08,1.52E+08,83898
5/3/2018 0:00,1018.47,1027.38,1003.79,1026.46,1.71E+08,91444
5/4/2018 0:00,1032.12,1037.02,1022.1,1026.8,1.26E+08,68777
5/7/2018 0:00,1034.64,1062.26,1028.79,1062.26,1.22E+08,76925
5/8/2018 0:00,1061.12,1072.28,1057.24,1060.45,1.31E+08,84213
5/9/2018 0:00,1058.33,1069.8,1051.79,1056.97,1.26E+08,75500
5/10/2018 0:00,1058.22,1059.34,1025.75,1028.87,1.44E+08,82796
5/11/2018 0:00,1026.34,1044.85,1014.3,1044.85,1.23E+08,73060
5/14/2018 0:00,1051.69,1066.98,1042.31,1066.98,1.13E+08,70394
5/15/2018 0:00,1072.25,1084.2,1071.02,1073.5,1.25E+08,82365
5/16/2018 0:00,1070.34,1072.46,1052.18,1054.62,1.21E+08,74743
5/17/2018 0:00,1055.21,1057.84,1030.64,1030.64,1.07E+08,69664
5/18/2018 0:00,1033.33,1040.84,1013.57,1040.54,1.18E+08,78124
5/21/2018 0:00,1043.82,1043.82,1014.98,1014.98,1.04E+08,71705
5/22/2018 0:00,1006.18,1015.97,976.73,985.91,1.59E+08,96862
5/23/2018 0:00,974.8,995.25,965.92,988.94,1.27E+08,81144
5/24/2018 0:00,992.24,995.82,974.14,985.92,1.05E+08,63993
5/25/2018 0:00,981.47,987.56,963.9,963.9,1.23E+08,75112
5/28/2018 0:00,938.86,951.34,927.47,931.75,1.91E+08,97051
5/29/2018 0:00,925.89,958.96,916,952.18,1.55E+08,90831
5/30/2018 0:00,953.41,953.41,932.26,948.5,1.18E+08,70718
5/31/2018 0:00,947.96,975.51,945.29,971.25,1.41E+08,80055
6/1/2018 0:00,973.67,995.06,973.56,992.87,1.61E+08,95830
6/4/2018 0:00,994.48,1013.78,992.01,1013.78,1.47E+08,91520
6/5/2018 0:00,1013.59,1025.26,1011.59,1022.74,1.73E+08,103539
6/6/2018 0:00,1020.97,1034.5,1012.98,1034.5,1.47E+08,92296
6/7/2018 0:00,1038.93,1043.71,1030.79,1036.69,1.52E+08,96650
6/8/2018 0:00,1032.59,1039.07,1026.94,1039.01,1.24E+08,79447
6/11/2018 0:00,1033.55,1045.6,1029.19,1039.02,1.34E+08,86822
6/12/2018 0:00,1033.55,1033.55,1005.1,1020.76,1.70E+08,112053
6/13/2018 0:00,1017.93,1030.53,1017.93,1030.53,9.45E+07,64724
6/14/2018 0:00,1032.62,1033.46,1015.72,1015.72,1.35E+08,84304
6/15/2018 0:00,1012.71,1018.95,1006.75,1016.51,1.45E+08,66916
6/18/2018 0:00,1015.56,1018.98,986.88,987.34,1.46E+08,91499
6/19/2018 0:00,972.38,972.62,941.57,962.16,2.04E+08,117792
6/20/2018 0:00,957.37,980.95,955.61,980.95,1.20E+08,70228
6/21/2018 0:00,979.57,979.57,966.28,969.4,9.35E+07,58752
6/22/2018 0:00,963.89,983.57,959.91,983.17,1.03E+08,64925
6/25/2018 0:00,997.34,997.34,988.98,990.52,1.18E+08,63873
6/26/2018 0:00,977.78,983.78,970.75,983.02,1.15E+08,60930
6/27/2018 0:00,981.44,984.46,968.91,968.91,1.27E+08,70510
6/28/2018 0:00,964.76,976.12,954.46,957.35,1.30E+08,79269
6/29/2018 0:00,955.64,962.93,950.48,960.78,1.10E+08,62486
7/2/2018 0:00,955.18,956.78,932.66,947.15,1.42E+08,83518
7/3/2018 0:00,945.87,946.16,906.01,906.01,1.61E+08,92124
7/4/2018 0:00,904.34,914.99,890.83,914.99,1.16E+08,73525
7/5/2018 0:00,914.48,921.85,892.67,899.4,1.27E+08,76373
7/6/2018 0:00,891.16,921.75,884.99,917.51,1.42E+08,81788
7/9/2018 0:00,922.72,929.5,915.12,915.12,1.06E+08,66695
7/10/2018 0:00,919.44,921.96,911.12,911.12,9.31E+07,56881
7/11/2018 0:00,898.08,900.16,885.09,893.16,1.38E+08,76852
7/12/2018 0:00,891.21,905.72,884.75,898.51,9.05E+07,56753
7/13/2018 0:00,904.8,912.53,899.94,909.72,1.22E+08,67147
7/16/2018 0:00,914.22,917.63,905.27,911.11,1.11E+08,66171
7/17/2018 0:00,905.32,921.27,902.02,921.27,1.36E+08,79441
7/18/2018 0:00,926.14,942.39,926.14,942.39,1.85E+08,95649
7/19/2018 0:00,943.91,947.07,939.58,943.97,1.67E+08,91792
7/20/2018 0:00,938.83,941.94,930.26,933.39,1.79E+08,88944
7/23/2018 0:00,931.52,949.14,930.25,936.74,1.90E+08,94874
7/24/2018 0:00,933.22,939.07,926.3,934.08,1.70E+08,88378
7/25/2018 0:00,936.57,938.33,927.58,927.58,2.02E+08,94361
7/26/2018 0:00,928.96,930.32,920.99,930.16,1.75E+08,85306
7/27/2018 0:00,931.9,937.23,928.82,935.52,1.63E+08,82970
7/30/2018 0:00,940.76,949.73,937.69,949.73,1.84E+08,91532
7/31/2018 0:00,948.56,959.07,947.32,956.39,2.35E+08,112627
8/1/2018 0:00,957.35,960.05,949.89,952.77,1.81E+08,90499
8/2/2018 0:00,952.75,953.55,942.39,953.55,1.98E+08,93846
8/3/2018 0:00,957.92,966.1,955.13,959.6,1.66E+08,90560
8/6/2018 0:00,960.12,962.99,955.42,960.23,1.54E+08,80670
8/7/2018 0:00,957.7,962.02,953.71,956.79,1.38E+08,83520
8/8/2018 0:00,958.31,966.27,958.31,966.27,1.41E+08,82481
8/9/2018 0:00,968.57,972.52,963.5,963.5,1.56E+08,91935
8/10/2018 0:00,962.03,968.47,955.04,968.47,1.71E+08,88030
8/13/2018 0:00,966.46,978.04,963.41,978.04,1.78E+08,103686
8/14/2018 0:00,979.66,981.42,974.47,978.27,1.50E+08,90880
8/15/2018 0:00,980.45,982,961.37,961.37,1.71E+08,100284
8/16/2018 0:00,952.83,964.28,947.09,964.28,1.56E+08,91348
8/17/2018 0:00,971.4,975.52,968.88,968.88,1.36E+08,77152
8/20/2018 0:00,970.81,973.57,966.46,969.62,1.60E+08,89609
8/21/2018 0:00,968.46,979.21,968.45,979.21,1.66E+08,90086
8/22/2018 0:00,984,986.36,980.32,982.15,1.65E+08,92227
8/23/2018 0:00,984.12,989.45,982.48,987.36,1.37E+08,77385
8/24/2018 0:00,985.49,989.21,982.88,987.05,1.55E+08,86648
8/27/2018 0:00,990.19,994.54,990.03,991.92,1.73E+08,93304
8/28/2018 0:00,993.95,995.29,989.81,995.19,1.60E+08,90193
8/29/2018 0:00,995.05,995.05,987.47,988.17,1.48E+08,86090
8/30/2018 0:00,987.62,998.07,983.43,998.07,1.56E+08,83801
8/31/2018 0:00,998.55,1003.06,989.54,989.54,1.63E+08,92089
9/4/2018 0:00,990.79,992.18,975.94,975.94,1.72E+08,97412
9/5/2018 0:00,975.05,978.78,964.8,968.44,1.61E+08,94432
9/6/2018 0:00,968.37,970.84,957.99,958.19,1.42E+08,81275
9/7/2018 0:00,955.5,969.34,955.5,968.9,1.53E+08,80052
9/10/2018 0:00,969.74,974.59,968.19,970.34,1.50E+08,78565
9/11/2018 0:00,968.41,985.06,967.92,985.06,1.59E+08,86940
9/12/2018 0:00,990,994.83,987.01,987.01,1.71E+08,94181
9/13/2018 0:00,987.48,992.96,984.92,987.95,1.49E+08,82697
9/14/2018 0:00,990,995.55,989.56,991.34,1.50E+08,85759
9/17/2018 0:00,990.65,993.83,987.02,987.61,1.47E+08,86432
9/18/2018 0:00,983.43,993.49,981.89,993.49,1.71E+08,93411
9/19/2018 0:00,998.65,1001.83,994.5,995.54,2.06E+08,104043
9/20/2018 0:00,996.48,1004.74,996.48,1004.74,1.79E+08,98354
9/21/2018 0:00,1006.25,1009.1,1000.39,1002.97,2.73E+08,127131
9/24/2018 0:00,1007.52,1011.29,1007.45,1011.29,1.69E+08,91669
9/25/2018 0:00,1011.94,1014.53,1008.67,1010.74,1.98E+08,99281
9/26/2018 0:00,1008.93,1014.86,1007.44,1009.61,2.20E+08,113892
9/27/2018 0:00,1012.57,1017.78,1010.49,1015.37,1.81E+08,102469
9/28/2018 0:00,1019.34,1020.84,1015.4,1017.13,2.25E+08,120339
10/1/2018 0:00,1019.49,1023.87,1012.88,1012.88,2.25E+08,115833
10/2/2018 0:00,1014.26,1021.51,1013.11,1018.79,2.04E+08,108833
10/3/2018 0:00,1021.08,1024.59,1016.47,1020.4,1.60E+08,87528
10/4/2018 0:00,1024.68,1024.68,1020.4,1023.62,1.85E+08,92617
10/5/2018 0:00,1020.21,1020.77,1008.39,1008.39,2.07E+08,103974
10/8/2018 0:00,1003.31,1006.13,996.12,996.12,1.86E+08,100520
10/9/2018 0:00,998.7,1001.87,996.19,996.19,1.79E+08,90230
10/10/2018 0:00,998.66,999.62,991.22,993.96,1.72E+08,92510
10/11/2018 0:00,972.21,972.21,938.83,945.89,3.44E+08,159641
10/12/2018 0:00,939.2,970.08,933.35,970.08,2.04E+08,109091
10/15/2018 0:00,968.8,969.36,951.64,951.64,1.23E+08,72106
10/16/2018 0:00,950.36,963.69,950.36,963.37,1.18E+08,68508
10/17/2018 0:00,973.14,975.27,969.06,971.6,1.38E+08,73976
10/18/2018 0:00,968.93,970.75,962.68,963.47,1.26E+08,70812
10/19/2018 0:00,949.94,959.63,945.83,958.36,1.32E+08,72149
10/22/2018 0:00,960.63,963.79,953.51,953.51,1.33E+08,75042
10/23/2018 0:00,950.12,950.42,925.29,939.68,1.82E+08,102847
10/24/2018 0:00,935.25,939.06,922.73,922.73,1.32E+08,79002
10/25/2018 0:00,902.59,912.07,885.34,910.17,1.64E+08,90144
10/26/2018 0:00,918.11,918.16,900.82,900.82,1.34E+08,74297
10/29/2018 0:00,895.05,897.84,884.92,888.82,1.13E+08,65846
10/30/2018 0:00,881.32,894.8,880.85,888.69,1.20E+08,73858
10/31/2018 0:00,894.23,914.76,894.23,914.76,1.59E+08,84715
11/1/2018 0:00,915.52,918.84,905.73,907.96,1.22E+08,75484
11/2/2018 0:00,911.35,927.62,910.4,924.86,2.09E+08,86165
11/5/2018 0:00,920.87,925.53,915.77,925.53,1.21E+08,67784
11/6/2018 0:00,931,931.27,921.93,922.05,1.20E+08,72703
11/7/2018 0:00,922.03,924.6,915.41,922.16,1.27E+08,73828
11/8/2018 0:00,928.69,932.86,925.54,926.28,1.38E+08,72191
11/9/2018 0:00,921.11,925.31,914.29,914.29,1.31E+08,75348
11/12/2018 0:00,909.36,918.99,903.95,918.12,1.10E+08,61873
11/13/2018 0:00,904.35,910.2,903.48,905.38,1.33E+08,74302
11/14/2018 0:00,904.16,910.58,898.83,900.93,1.25E+08,82009
11/15/2018 0:00,901.13,903.83,892.5,897.15,1.35E+08,75587
11/16/2018 0:00,901.44,903.21,894.14,898.19,1.42E+08,71018
11/19/2018 0:00,902.65,916.06,900.61,916.06,1.24E+08,68765
11/20/2018 0:00,909.76,919.02,909.76,919.02,1.26E+08,74499
11/21/2018 0:00,909.83,922.56,907.47,922.56,1.19E+08,74584
11/22/2018 0:00,924.93,926.15,922.02,924.42,1.14E+08,68315
11/23/2018 0:00,923.91,925.84,916.87,917.97,1.12E+08,63444
11/26/2018 0:00,915.67,921.96,914.43,921.03,9.05E+07,58810
11/27/2018 0:00,925.12,930.37,921.26,923.12,1.09E+08,69294
11/28/2018 0:00,922.29,930.2,922.03,930.2,9.68E+07,61157
11/29/2018 0:00,934.88,937.75,926.79,926.79,1.17E+08,73176
11/30/2018 0:00,924.49,928.92,921.08,926.54,1.29E+08,72709
12/3/2018 0:00,937.7,951.59,937.1,951.59,1.57E+08,92951
12/4/2018 0:00,952.97,960.44,950.89,958.84,1.77E+08,85388
12/5/2018 0:00,950.34,960.87,946.97,957.14,1.54E+08,85287
12/6/2018 0:00,954.61,959.59,948.44,954.82,1.45E+08,76264
12/7/2018 0:00,956.49,962.39,955.96,958.59,1.52E+08,78010
12/10/2018 0:00,955.06,958.25,951.5,955.89,1.29E+08,71233
12/11/2018 0:00,955.93,957.97,949.34,954.58,1.27E+08,66996
12/12/2018 0:00,956.32,961.28,956,961.28,1.44E+08,69391
12/13/2018 0:00,963.65,966.83,960.1,960.25,1.46E+08,73525
12/14/2018 0:00,958.78,960.09,951.04,952.04,1.31E+08,71293
12/17/2018 0:00,948.09,948.09,933.65,933.65,1.43E+08,78595
12/18/2018 0:00,921.48,928.2,917.03,927.25,1.56E+08,84843
12/19/2018 0:00,926.35,927.03,914.55,919.24,1.19E+08,69577
12/20/2018 0:00,915.5,921.79,914.18,918.24,1.08E+08,60630
12/21/2018 0:00,911.57,915.02,907.88,912.26,1.31E+08,62175
12/24/2018 0:00,910.86,916.41,908.56,908.56,1.09E+08,60272
12/25/2018 0:00,893.71,897.94,882.17,897.94,1.68E+08,86357
12/26/2018 0:00,896.63,899.49,890.86,891.75,1.04E+08,58888
12/27/2018 0:00,904.8,906.63,900.81,900.81,1.13E+08,61521
12/28/2018 0:00,903.79,903.79,892.54,892.54,1.24E+08,59750
1/2/2019 0:00,900.1,900.1,891.1,891.75,9.19E+07,55956
1/3/2019 0:00,889.78,892.21,872.12,878.22,1.35E+08,76529
1/4/2019 0:00,872.69,881.48,861.85,880.9,1.18E+08,66665
1/7/2019 0:00,890.47,896.63,885.3,889.64,8.74E+07,56679
1/8/2019 0:00,891.37,891.87,883.67,887.44,9.21E+07,54860
1/9/2019 0:00,890.26,897.25,888.61,896.99,1.22E+08,65131
1/10/2019 0:00,897.85,899.47,895.17,898.3,1.02E+08,60024
1/11/2019 0:00,899.1,904.37,899.1,902.71,1.08E+08,65750
1/14/2019 0:00,903.83,903.83,897.18,901.8,1.03E+08,58082
1/15/2019 0:00,901.21,909.68,898.92,909.68,1.06E+08,64966
1/16/2019 0:00,911.32,912.48,906.39,908.7,1.08E+08,61516
1/17/2019 0:00,908.48,909.06,901.89,901.89,1.17E+08,59134
1/18/2019 0:00,902.7,906.35,900.64,902.3,9.82E+07,56338
1/21/2019 0:00,905.25,911.74,903.09,911.05,1.19E+08,66086
1/22/2019 0:00,912.73,913.37,906.55,906.55,1.22E+08,64515
1/23/2019 0:00,905.73,910.12,905.12,908.18,1.05E+08,58812
1/24/2019 0:00,908.56,910.59,906.59,908.79,9.36E+07,54480
1/25/2019 0:00,908.86,911.59,907.96,908.88,9.49E+07,57310
1/28/2019 0:00,912.53,913.43,908.9,912.18,1.05E+08,54550
1/29/2019 0:00,913.67,915.93,907.09,915.93,9.71E+07,54530
1/30/2019 0:00,914.08,917.8,913.48,915.84,1.02E+08,55765
1/31/2019 0:00,919.12,920.36,910.38,910.65,1.10E+08,61076
2/1/2019 0:00,911.98,912.81,907.52,908.67,1.01E+08,48855
2/11/2019 0:00,916.98,926.1,915.86,926.1,1.05E+08,70826
2/12/2019 0:00,930.37,938.64,926.98,937.54,1.72E+08,95210
2/13/2019 0:00,937.61,945.25,937.34,945.25,1.76E+08,93624
2/14/2019 0:00,946.54,953.66,945.99,952.34,1.57E+08,83567
2/15/2019 0:00,951.9,955.4,948.26,950.89,1.45E+08,81101
2/18/2019 0:00,954.85,961.3,953.32,961.3,1.69E+08,85630
2/19/2019 0:00,962.84,971.92,962.81,964.35,1.95E+08,104365
2/20/2019 0:00,963.29,972.75,963.29,970.58,1.45E+08,81098
2/21/2019 0:00,972.82,987.57,970.31,987.57,1.63E+08,89703
2/22/2019 0:00,983.99,993.16,982.86,988.91,1.99E+08,102019
2/25/2019 0:00,996.06,999.9,992.72,994.43,1.81E+08,100210
2/26/2019 0:00,991.63,996.44,979.24,987.06,2.10E+08,107426
2/27/2019 0:00,989.61,994.46,988.09,990.27,2.05E+08,95388
2/28/2019 0:00,989.84,990.25,965.47,965.47,1.97E+08,108904
3/1/2019 0:00,971.05,980.82,970.54,979.63,1.48E+08,80107
3/4/2019 0:00,983.5,994.46,983.33,993.99,2.10E+08,111918
3/5/2019 0:00,990.08,1000.25,987.92,992.45,2.43E+08,122268
3/6/2019 0:00,993.01,994.49,985.51,994.49,1.90E+08,125221
3/7/2019 0:00,995.65,1004.55,994.03,994.03,1.88E+08,103338
3/8/2019 0:00,987.89,991.98,984.48,985.25,1.76E+08,95791
3/11/2019 0:00,982.94,987.11,981.34,984.6,1.43E+08,79010
3/12/2019 0:00,991.14,1001.32,990.46,1001.32,1.80E+08,103592
3/13/2019 0:00,1003.75,1009.77,1003.01,1005.41,1.98E+08,111009
3/14/2019 0:00,1006.37,1011.39,1002.09,1008.44,1.83E+08,101420
3/15/2019 0:00,1008.22,1008.22,1001.1,1004.12,2.07E+08,105337
3/18/2019 0:00,1007.92,1013.29,1007.92,1011.86,1.88E+08,107360
3/19/2019 0:00,1013.75,1014.51,1004.22,1006.59,1.99E+08,113082
3/20/2019 0:00,1002.86,1003.25,992.02,1002.3,1.80E+08,101055
3/21/2019 0:00,1005.12,1006.37,981.78,981.78,1.83E+08,107535
3/22/2019 0:00,984.9,990.07,981.3,988.71,1.52E+08,89812
3/25/2019 0:00,976.53,976.53,964.76,970.07,1.78E+08,101189
3/26/2019 0:00,975.44,978.99,966.9,969.79,1.37E+08,76522
3/27/2019 0:00,976.67,979.32,972.25,975.91,1.13E+08,68203
3/28/2019 0:00,973.44,983.18,972.6,982.98,1.22E+08,73087
3/29/2019 0:00,985.35,988.24,980.76,980.76,1.32E+08,72161
4/1/2019 0:00,984.89,988.53,982.8,988.53,1.37E+08,78724
4/2/2019 0:00,994.87,996.41,985.48,985.81,1.39E+08,81890
4/3/2019 0:00,984.74,985.26,980.3,984.46,1.29E+08,75372
4/4/2019 0:00,987.47,989.08,982.94,986.91,1.32E+08,77539
4/5/2019 0:00,988.09,990.38,986.39,989.26,1.30E+08,77849
4/8/2019 0:00,991.65,997.56,989.33,997.56,1.47E+08,86522
4/9/2019 0:00,999.89,1000.02,987.82,988.48,1.52E+08,98052
4/10/2019 0:00,984.79,987.27,976.83,981.91,1.36E+08,85277
4/11/2019 0:00,984.46,985.95,981.06,985.95,1.18E+08,69290
4/12/2019 0:00,984.66,984.69,980.26,982.9,1.12E+08,69529
4/16/2019 0:00,970.87,978.53,963.06,977.17,1.31E+08,82472
4/17/2019 0:00,978.21,980.71,972.1,972.1,1.48E+08,88152
4/18/2019 0:00,969.5,973.73,962.05,962.3,1.37E+08,82807
4/19/2019 0:00,968.27,971.73,965.46,966.21,9.61E+07,59551
4/22/2019 0:00,963.78,966.69,959.33,965.86,1.16E+08,74365
4/23/2019 0:00,964.84,970.98,964.35,968,1.13E+08,70913
4/24/2019 0:00,969.66,978.71,969.66,976.92,1.21E+08,70967
4/25/2019 0:00,976.46,976.46,971.92,974.13,1.12E+08,67348
4/26/2019 0:00,972.86,979.64,970.73,979.64,1.07E+08,63666
5/2/2019 0:00,978.81,979.93,975.51,978.5,1.24E+08,72414
5/3/2019 0:00,976.77,977.13,971.75,974.14,1.28E+08,73886
5/6/2019 0:00,964.37,964.89,955.41,957.97,1.34E+08,82911
5/7/2019 0:00,961.31,965.61,955.42,957.56,1.18E+08,71758
5/8/2019 0:00,950.1,953.88,947.86,951.22,1.16E+08,73708
5/9/2019 0:00,950.66,953.66,944.91,947.01,1.15E+08,70665
5/10/2019 0:00,950.37,953.92,947.85,952.55,1.18E+08,66734
5/13/2019 0:00,952.11,958.54,951.76,958.54,1.25E+08,77901
5/14/2019 0:00,952.13,965.34,952.13,965.34,1.35E+08,81494
5/15/2019 0:00,967.95,977.65,967.95,975.64,1.54E+08,93688
5/16/2019 0:00,976.96,981.22,975.69,975.69,1.30E+08,79949
5/17/2019 0:00,977.85,980.04,974.91,976.48,1.20E+08,74067
5/20/2019 0:00,975.95,987.13,974.47,987.13,1.34E+08,81970
5/21/2019 0:00,989.67,992.84,986.07,986.29,1.25E+08,83857
5/22/2019 0:00,986.66,992.26,982.68,983.78,1.27E+08,77852
5/23/2019 0:00,982,984.57,977.17,982.71,1.08E+08,71705
5/24/2019 0:00,976.59,983.14,970.03,970.03,1.28E+08,86919
5/27/2019 0:00,970.73,975.4,970.41,975.14,9.59E+07,62420
5/28/2019 0:00,977.02,978.8,969.51,972,1.21E+08,79953
5/29/2019 0:00,973.31,974.96,969.55,971.54,1.20E+08,82844
5/30/2019 0:00,971.01,974.56,967.21,969.34,1.06E+08,67508
5/31/2019 0:00,968.53,969.94,959.88,959.88,1.14E+08,76000
6/3/2019 0:00,953.58,955.78,940.28,946.47,1.42E+08,87462
6/4/2019 0:00,945.62,951.42,943.21,951.16,1.03E+08,68167
6/5/2019 0:00,955.8,958.39,951.39,951.41,9.54E+07,57731
6/6/2019 0:00,950.57,951.35,939.35,948.21,1.01E+08,59808
6/7/2019 0:00,951.64,958.28,950.94,958.28,9.78E+07,62532
6/10/2019 0:00,963.78,966.9,958.6,962.9,1.19E+08,72827
6/11/2019 0:00,962.43,964.81,959.98,962.07,9.57E+07,65201
6/12/2019 0:00,960.6,960.6,953.83,954.17,1.00E+08,63017
6/13/2019 0:00,951.26,952.06,946.29,950.08,9.85E+07,64908
6/14/2019 0:00,948.65,954.7,948.65,953.61,1.15E+08,66137
6/17/2019 0:00,953.97,955.18,944.47,946.95,1.05E+08,65741
6/18/2019 0:00,945.73,947.3,938.95,944.01,1.08E+08,66460
6/19/2019 0:00,948.92,950.04,946.83,949.69,1.14E+08,67804
6/20/2019 0:00,949.48,962.33,948.97,959.18,1.29E+08,76667
6/21/2019 0:00,962.69,964.52,959.12,959.2,1.73E+08,66730
6/24/2019 0:00,960.29,967.11,959.8,962.85,1.13E+08,68562
6/25/2019 0:00,961.19,963.23,960.06,960.13,1.21E+08,66014
6/26/2019 0:00,958.6,962.7,958.38,959.13,1.19E+08,68960
6/27/2019 0:00,959.48,959.48,943.11,943.11,1.23E+08,70193
6/28/2019 0:00,944.53,949.94,939.12,949.94,1.22E+08,72431
7/1/2019 0:00,958.92,965.61,957.66,965.61,1.23E+08,78122
7/2/2019 0:00,964.77,966.76,959.8,961.98,1.08E+08,68713
7/3/2019 0:00,960.44,961.67,956.91,960.39,1.14E+08,71846
7/4/2019 0:00,961.78,973.04,961.65,973.04,1.35E+08,82298
7/5/2019 0:00,972.74,975.34,970.16,975.34,1.17E+08,70257
7/8/2019 0:00,972.83,972.83,963.84,966.35,1.19E+08,78341
7/9/2019 0:00,965.24,969.05,963.05,969.05,1.26E+08,76319
7/10/2019 0:00,971.19,974.96,971.19,973.65,1.25E+08,83134
7/11/2019 0:00,976.95,980.02,975.03,978.63,1.34E+08,80075
7/12/2019 0:00,980.11,982.1,974.32,975.4,1.33E+08,83239
7/15/2019 0:00,975.57,975.66,970.93,972.53,1.18E+08,79293
7/16/2019 0:00,975.05,982.11,975.05,982.11,1.42E+08,91019
7/17/2019 0:00,981.49,985.59,979.05,982.57,1.42E+08,91595
7/18/2019 0:00,979.16,979.49,975.01,976.05,1.27E+08,76216
7/19/2019 0:00,978.12,986.12,978.12,982.34,1.61E+08,91474
7/22/2019 0:00,981.17,985.13,980.08,982.04,1.35E+08,83234
7/23/2019 0:00,981.38,990.45,980.22,989.46,1.35E+08,84554
7/24/2019 0:00,993.01,994.85,986.34,988.41,1.33E+08,83967
7/25/2019 0:00,986.85,997.49,986.85,994.95,1.41E+08,83124
7/26/2019 0:00,994.8,998.52,992.97,993.35,1.18E+08,73734
7/29/2019 0:00,994.23,997.94,988.29,997.94,1.13E+08,75397
7/30/2019 0:00,1001.46,1002.77,986.02,986.02,1.33E+08,83008
7/31/2019 0:00,986,993.4,982.64,991.66,1.31E+08,78235
8/1/2019 0:00,993.25,997.39,990.88,997.39,1.35E+08,83503
8/2/2019 0:00,987.55,991.39,985.69,991.1,1.44E+08,87152
8/5/2019 0:00,988.6,988.99,973.15,973.15,1.48E+08,91136
8/6/2019 0:00,960.29,966.15,958.39,964.61,1.70E+08,108652
8/7/2019 0:00,967.18,971.96,961.64,965.93,1.34E+08,87469
8/8/2019 0:00,965.62,975.83,964.21,975.24,1.58E+08,103510
8/9/2019 0:00,976.41,978.69,974.33,974.34,1.34E+08,88369
8/12/2019 0:00,975.38,977.63,973.22,975.31,1.26E+08,77301
8/13/2019 0:00,972.7,973.09,964.03,966.83,1.43E+08,100672
8/14/2019 0:00,975.88,975.99,968.91,968.91,1.25E+08,76996
8/15/2019 0:00,958.05,979.38,955.76,979.38,1.31E+08,80175
8/16/2019 0:00,974.88,985.61,974.88,980,1.56E+08,100008
8/19/2019 0:00,984.04,985.48,979.17,981.03,1.08E+08,75759
8/20/2019 0:00,983.94,985.35,981.75,984.67,1.21E+08,81931
8/21/2019 0:00,984.36,995.44,983.3,994.38,1.46E+08,95038
8/22/2019 0:00,996.41,998.67,993.23,997.26,1.28E+08,80606
8/23/2019 0:00,998.21,998.21,990.83,992.45,1.20E+08,77985
8/26/2019 0:00,983.8,984.61,977,982.88,1.52E+08,89783
8/27/2019 0:00,986.33,988.49,976.79,976.79,1.51E+08,91220
8/28/2019 0:00,977.1,981.35,977.1,977.26,1.17E+08,76043
8/29/2019 0:00,978.17,978.78,973.34,978.59,1.20E+08,76657
8/30/2019 0:00,980.25,984.87,980.25,984.06,1.26E+08,80322
9/3/2019 0:00,984.79,985.21,978.62,979.36,1.26E+08,74918
9/4/2019 0:00,977.97,979.91,973.37,977.63,1.22E+08,79123
9/5/2019 0:00,979.83,981.67,976.79,976.79,1.14E+08,64576
9/6/2019 0:00,977.83,978.73,973.87,974.08,1.09E+08,61750
9/9/2019 0:00,974.53,975.03,972.47,974.12,1.04E+08,64625
9/10/2019 0:00,974.62,977.44,968.36,970.26,1.28E+08,84875
9/11/2019 0:00,969.59,973.13,967.14,969.31,9.51E+07,61714
9/12/2019 0:00,972.39,976.07,972.31,976.07,1.23E+08,75632
9/13/2019 0:00,977.71,987.22,975.95,987.22,1.46E+08,85901
9/16/2019 0:00,987.07,992.6,986.72,989.86,1.38E+08,86378
9/17/2019 0:00,990.06,996.74,986.96,996.74,1.43E+08,84811
9/18/2019 0:00,995.75,998.4,993.94,995.15,1.41E+08,87149
9/19/2019 0:00,995.49,997.2,990.55,997.1,1.40E+08,76012
9/20/2019 0:00,997.6,998.56,990.36,990.36,1.68E+08,87965
9/23/2019 0:00,991.75,993.98,985.75,985.75,1.41E+08,84875
9/24/2019 0:00,986.33,991.36,984.94,988.13,1.20E+08,74955
9/25/2019 0:00,985.96,989.18,983.06,987.3,1.21E+08,73493
9/26/2019 0:00,988.7,991.66,986.35,990.75,1.33E+08,84552
9/27/2019 0:00,992.26,998.34,991.5,997.84,1.52E+08,94447
9/30/2019 0:00,999.92,1004.17,996.51,996.56,1.58E+08,92009
10/1/2019 0:00,997.87,999.72,996.2,999.59,1.42E+08,87728
10/2/2019 0:00,999.18,1000.93,989.63,991.19,1.56E+08,97739
10/3/2019 0:00,985.65,992.45,983.35,992.45,1.56E+08,88460
10/4/2019 0:00,993.69,994.81,987.59,987.59,1.54E+08,87910
10/7/2019 0:00,989.45,990.34,983.09,983.09,1.50E+08,89163
10/8/2019 0:00,983.62,988.51,981.89,988.22,1.53E+08,76503
10/9/2019 0:00,987.82,992,986.74,987.83,1.44E+08,77322
10/10/2019 0:00,988.81,990.89,986.93,987.38,1.38E+08,75022
10/11/2019 0:00,988.57,991.84,987.62,991.84,1.41E+08,73446
10/14/2019 0:00,994.61,997.25,992.5,993.57,1.72E+08,90069
10/15/2019 0:00,993.55,994.75,990.74,993.05,1.31E+08,73186
10/16/2019 0:00,995.75,997.41,993.42,994.46,1.58E+08,78364
10/17/2019 0:00,995.04,995.81,989.82,989.82,1.57E+08,82880
10/18/2019 0:00,992,993.03,988.41,989.2,1.53E+08,76045
10/21/2019 0:00,988.18,988.82,983.56,983.56,1.63E+08,83011
10/22/2019 0:00,983.52,987.59,983.52,987.19,2.01E+08,89676
10/23/2019 0:00,987.04,989.61,985.52,987.79,1.54E+08,71429
10/24/2019 0:00,988.85,993.6,987.65,993.6,1.41E+08,75128
10/25/2019 0:00,993.91,996.67,992.91,996.57,1.37E+08,72439
10/28/2019 0:00,998.27,999.94,996.48,996.48,1.50E+08,76237
10/29/2019 0:00,997.77,999.88,995.87,995.87,1.78E+08,82393
10/30/2019 0:00,996.83,1003.4,994.86,1000.89,1.60E+08,81397
10/31/2019 0:00,1002.67,1004.4,998.58,998.82,1.89E+08,82902
11/1/2019 0:00,999.92,1015.88,999.92,1015.59,2.00E+08,97589
11/4/2019 0:00,1019,1023.92,1015.86,1022.43,2.08E+08,107830
11/5/2019 0:00,1022.77,1026.53,1021.63,1024.34,1.72E+08,92228
11/6/2019 0:00,1023.43,1028.97,1023.42,1024.91,1.83E+08,93288
11/7/2019 0:00,1023.49,1028.45,1022.61,1024.03,1.67E+08,85141
11/8/2019 0:00,1026.98,1027.39,1021.11,1022.49,1.58E+08,82804
11/11/2019 0:00,1023.32,1024.77,1016.35,1016.75,1.71E+08,88995
11/12/2019 0:00,1016.97,1021.84,1015.97,1018.33,1.81E+08,88752
11/13/2019 0:00,1019.07,1020.09,1010.8,1012.77,1.82E+08,96643
11/14/2019 0:00,1013.85,1016.71,1010.6,1012.3,1.93E+08,101025
11/15/2019 0:00,1012.93,1015.16,1005.1,1010.03,1.81E+08,90973
11/18/2019 0:00,1010.83,1012.09,1002.63,1002.91,1.65E+08,83616
11/19/2019 0:00,1002.89,1008.35,1001.35,1008.35,1.58E+08,78288
11/20/2019 0:00,1009.21,1009.21,1000.56,1000.56,1.83E+08,82144
11/21/2019 0:00,999.37,999.63,987.89,987.89,1.72E+08,103372
11/22/2019 0:00,992.73,993.7,971.03,977.78,1.97E+08,107632
11/25/2019 0:00,977.85,979.6,971.24,976.35,1.48E+08,72831
11/26/2019 0:00,980.57,981.96,976.79,976.79,1.48E+08,70622
11/27/2019 0:00,978.98,982.76,978.17,978.17,1.57E+08,67901
11/28/2019 0:00,977.66,979.17,967.68,970.39,1.54E+08,76736
11/29/2019 0:00,971.1,972.89,968.03,970.75,1.39E+08,63097
12/2/2019 0:00,971.42,972.91,958.3,959.31,1.80E+08,82046
12/3/2019 0:00,957.4,960.82,950.96,953.43,1.76E+08,92704
12/4/2019 0:00,952.51,965.9,950.13,965.9,1.62E+08,76850
12/5/2019 0:00,969,969.53,962.16,963.27,1.60E+08,69807
12/6/2019 0:00,962.38,965.41,960.99,963.56,1.39E+08,64113
12/9/2019 0:00,963.91,967.57,962.59,966.06,1.83E+08,82428
12/10/2019 0:00,965.92,966.58,955.14,960.3,1.71E+08,83609
12/11/2019 0:00,960.59,961.78,954.56,961.78,1.59E+08,80070
12/12/2019 0:00,963.39,968.39,962.72,968.17,1.55E+08,79327
12/13/2019 0:00,969.43,971.84,965.93,966.18,1.73E+08,78188
12/16/2019 0:00,966,966,960.39,961.47,2.02E+08,85688
12/17/2019 0:00,962.49,962.79,954.03,954.03,2.39E+08,93663
12/18/2019 0:00,951.52,954.18,949.86,951.13,1.83E+08,87556
12/19/2019 0:00,950.61,955.85,946.74,952.26,1.79E+08,85003
12/20/2019 0:00,953.55,957.52,952.71,956.41,1.83E+08,76237
12/23/2019 0:00,959.55,960.71,958.07,959.43,1.90E+08,90845
12/24/2019 0:00,958.73,959.09,953.29,958.88,1.73E+08,75901
12/25/2019 0:00,958.18,962.83,957.5,960.92,1.95E+08,79803
12/26/2019 0:00,960.67,962.11,957.43,958.59,1.60E+08,78175
12/27/2019 0:00,957.7,963.51,954.19,963.51,1.27E+08,70761
12/30/2019 0:00,962.89,967.52,962.47,965.03,1.48E+08,79386
12/31/2019 0:00,965.71,965.71,958.22,960.99,1.44E+08,69311
1/2/2020 0:00,960.26,966.67,959.67,966.67,1.32E+08,71034
1/3/2020 0:00,968.72,970.88,965.14,965.14,1.49E+08,83161
1/6/2020 0:00,962.79,963.2,955.59,955.79,1.41E+08,81460
1/7/2020 0:00,955.39,959.46,953.19,958.88,1.30E+08,77586
1/8/2020 0:00,954.13,955.84,945.28,948.98,1.79E+08,104695
1/9/2020 0:00,953.86,960.73,952.16,960.15,1.33E+08,79787
1/10/2020 0:00,961.17,969.71,961.17,968.54,1.63E+08,91427
1/13/2020 0:00,966.89,968.63,964.79,965.84,1.18E+08,69111
1/14/2020 0:00,966.26,968.85,965.76,967,1.28E+08,67875
1/15/2020 0:00,967.69,967.69,964.84,967.56,1.12E+08,68267
1/16/2020 0:00,967.2,974.7,967.17,974.31,1.47E+08,80344
1/17/2020 0:00,976.28,980.02,973.79,978.96,1.17E+08,72137
1/20/2020 0:00,978.23,979.85,975.93,978.63,1.02E+08,65303
1/21/2020 0:00,978.82,986.37,978.82,986.37,1.29E+08,78239
1/22/2020 0:00,986.52,991.46,983.92,991.46,1.29E+08,83484
1/30/2020 0:00,975.15,977.72,954,959.58,1.81E+08,116668
1/31/2020 0:00,955.56,960.96,936.62,936.62,2.11E+08,119465
2/3/2020 0:00,916.6,930.37,891.85,928.14,2.46E+08,127165
2/4/2020 0:00,929.42,934.91,919.33,929.09,1.78E+08,103760
2/5/2020 0:00,934.75,936.33,921.89,925.91,1.64E+08,92829
2/6/2020 0:00,926.66,938.54,925.21,938.54,2.06E+08,111449
2/7/2020 0:00,938.61,943.48,935.94,940.75,1.65E+08,103349
2/10/2020 0:00,934.38,935.87,926.61,930.73,1.30E+08,87300
2/11/2020 0:00,931.55,936.04,931.55,934.67,1.59E+08,94711
2/12/2020 0:00,940.72,943.11,937.34,937.68,1.87E+08,104862
2/13/2020 0:00,937.19,939.1,934.47,938.24,1.53E+08,90533
2/14/2020 0:00,939.28,940.65,936.47,937.45,1.72E+08,96729
2/17/2020 0:00,938.52,938.52,931.66,934.77,1.49E+08,88213
2/18/2020 0:00,934.47,934.98,926.01,927.93,1.64E+08,98530
2/19/2020 0:00,926.41,931.66,925.86,928.76,1.62E+08,93419
2/20/2020 0:00,933.69,938.13,930.41,938.13,1.84E+08,96490
2/21/2020 0:00,937.13,940.53,932.32,933.09,1.80E+08,110929
2/24/2020 0:00,917.49,917.49,903.34,903.34,2.56E+08,137950
2/25/2020 0:00,893.95,909.67,893.95,909.67,1.86E+08,102638
2/26/2020 0:00,901.51,903.27,894.25,895.97,1.31E+08,91484
2/27/2020 0:00,892.15,899.34,889.14,898.44,1.35E+08,90458
2/28/2020 0:00,885.47,887.07,872.46,882.19,1.84E+08,113117
3/2/2020 0:00,878.43,886.45,877.31,884.43,1.74E+08,92870
3/3/2020 0:00,895.39,896.39,890.06,890.61,1.76E+08,97702
3/4/2020 0:00,887.85,889.85,882.83,889.37,1.95E+08,96811
3/5/2020 0:00,892.71,898.43,891.2,893.31,2.09E+08,106179
3/6/2020 0:00,888.96,891.44,882.71,891.44,1.76E+08,104135
3/9/2020 0:00,875.8,875.8,834.67,835.49,2.73E+08,134080
3/10/2020 0:00,813.83,843.28,806.63,837.5,2.43E+08,127116
3/11/2020 0:00,843.52,844.94,794.54,811.35,2.78E+08,140534
3/12/2020 0:00,778.06,778.06,762.12,769.25,3.11E+08,136888
3/13/2020 0:00,750.56,764.69,723.42,761.78,2.89E+08,137669
3/16/2020 0:00,758.28,758.59,737.58,747.86,2.23E+08,113099
3/17/2020 0:00,724.07,750.03,721.84,745.78,2.02E+08,107697
3/18/2020 0:00,747.4,752.65,742.12,747.66,2.05E+08,119611
3/19/2020 0:00,732.35,733.43,714.02,725.94,3.09E+08,135246
3/20/2020 0:00,728.55,729.35,709.73,709.73,1.97E+08,105060
3/23/2020 0:00,694.77,694.77,664.23,666.59,2.23E+08,108038
3/24/2020 0:00,655.49,666.28,652.27,659.21,2.13E+08,111225
3/25/2020 0:00,669.76,690.25,667.58,690.25,2.10E+08,120720
3/26/2020 0:00,689,700.76,680.1,694.21,1.71E+08,109718
3/27/2020 0:00,692.54,703.22,682.52,696.06,2.12E+08,120078
3/30/2020 0:00,663.91,665.56,657.36,662.26,1.94E+08,95524
3/31/2020 0:00,669.74,678.64,649.1,662.53,2.28E+08,112735
4/1/2020 0:00,658.8,684.96,657.41,680.23,2.03E+08,90357
4/3/2020 0:00,687.92,701.8,687.92,701.8,1.98E+08,110399
4/6/2020 0:00,716.22,736.75,715.39,736.75,3.05E+08,143546
4/7/2020 0:00,744.97,749.13,730.28,746.69,2.77E+08,151558
4/8/2020 0:00,740.03,748.36,730.12,748.02,2.03E+08,122848
4/9/2020 0:00,751.08,765.87,751.08,760.33,2.71E+08,149172
4/10/2020 0:00,759.08,764.36,751.59,757.94,2.95E+08,149019
4/13/2020 0:00,762.99,774.62,762.53,765.79,2.00E+08,137745
4/14/2020 0:00,769.01,769.53,753.85,767.41,2.29E+08,154303
4/15/2020 0:00,768.05,779.52,768.01,777.22,2.55E+08,145352
4/16/2020 0:00,773.11,781.06,770.91,780.7,2.17E+08,138027
4/17/2020 0:00,786.96,790.95,783.74,789.6,2.68E+08,162658
4/20/2020 0:00,796.17,797.49,786.73,794.97,3.05E+08,179197
4/21/2020 0:00,784.4,789.37,761.96,766.84,3.69E+08,221558
4/22/2020 0:00,752.8,774.94,749.97,768.92,2.23E+08,144609
4/23/2020 0:00,784.14,785.6,771.88,773.91,1.89E+08,128249
4/24/2020 0:00,777.28,778.3,767.31,776.66,2.26E+08,134036
4/27/2020 0:00,780.65,785.74,770.77,770.77,2.57E+08,157434
4/28/2020 0:00,773.31,776.13,763.66,767.21,1.97E+08,138176
4/29/2020 0:00,768.59,772.62,768.19,769.11,2.11E+08,141233
5/4/2020 0:00,766.14,769.73,761.64,762.47,2.54E+08,145081
5/5/2020 0:00,763.22,767.03,760.04,764.16,1.69E+08,118272
5/6/2020 0:00,767.3,782.59,765.37,782.59,2.10E+08,152222
5/7/2020 0:00,785.08,796.54,785.08,796.54,2.14E+08,146206
5/8/2020 0:00,800.32,825.72,800.2,813.73,3.40E+08,218436
5/11/2020 0:00,818.26,828.33,812.48,828.33,2.69E+08,172253
5/12/2020 0:00,827.29,835.95,819.66,835.32,2.90E+08,190057
5/13/2020 0:00,829.83,839.59,815.13,834.21,3.39E+08,206547
5/14/2020 0:00,830.97,836.19,826.17,832.4,2.74E+08,173929
5/15/2020 0:00,835.42,838.47,824.59,827.03,2.58E+08,174123
5/18/2020 0:00,827.49,837.61,823.08,837.01,2.24E+08,144841
5/19/2020 0:00,852.14,854.25,844.15,845.92,2.94E+08,179468
5/20/2020 0:00,843.26,852.91,842.21,852.91,2.36E+08,143561
5/21/2020 0:00,854.93,862.73,854.04,862.73,3.01E+08,170054
5/22/2020 0:00,859.29,860.65,852.08,852.74,2.65E+08,165945
5/25/2020 0:00,852.9,860.45,849.12,859.04,2.60E+08,163867
5/26/2020 0:00,861.47,869.65,860.22,869.13,3.06E+08,179814
5/27/2020 0:00,873.42,875.35,857.48,857.48,3.54E+08,216871
5/28/2020 0:00,858.97,866.17,856.48,861.39,2.61E+08,151116
5/29/2020 0:00,861.59,866.95,859.26,864.47,2.82E+08,150629
6/1/2020 0:00,868.97,878.67,868.97,878.67,4.18E+08,179482
6/2/2020 0:00,879.23,882.73,874.53,874.8,4.42E+08,222497
6/3/2020 0:00,876.73,881.17,874.01,881.17,3.17E+08,151317
6/4/2020 0:00,883.22,888.32,883.22,883.9,3.94E+08,191706
6/5/2020 0:00,883.4,886.59,878.5,886.22,4.51E+08,194943
6/8/2020 0:00,888.7,905.65,888.7,899.92,5.09E+08,245327
6/9/2020 0:00,902.26,904.89,898.87,899.43,4.51E+08,232794
6/10/2020 0:00,898.78,902.69,890.3,900,5.14E+08,229526
6/11/2020 0:00,900.48,903.7,867.37,867.37,6.66E+08,304423
6/12/2020 0:00,841.85,863.52,841.44,863.52,5.82E+08,255610
6/15/2020 0:00,867.52,868.16,832.47,832.47,4.70E+08,226124
6/16/2020 0:00,848.86,858.7,844.67,856.13,3.60E+08,162846
6/17/2020 0:00,861.05,861.05,852.27,854.44,3.11E+08,143679
6/18/2020 0:00,850.92,858.03,847.49,855.27,2.35E+08,126920
6/19/2020 0:00,857.77,868.56,857.77,868.56,3.72E+08,155025
6/22/2020 0:00,871.56,872.94,867.37,871.28,3.31E+08,163460
6/23/2020 0:00,871.12,873.2,864.02,868.2,4.01E+08,192443
6/24/2020 0:00,868.56,873.13,857.58,859.71,3.40E+08,167397
6/25/2020 0:00,851.09,856.23,849.65,854.59,2.85E+08,146691
6/26/2020 0:00,859.07,862.59,850.66,851.98,2.59E+08,133305
6/29/2020 0:00,846.26,846.53,826,829.36,3.36E+08,194020
6/30/2020 0:00,836.72,840.31,821.92,825.11,3.09E+08,159736
7/1/2020 0:00,827.67,844.26,826.38,843.49,2.52E+08,124703
7/2/2020 0:00,845.66,845.66,838.48,842.38,1.91E+08,113341
7/3/2020 0:00,845.26,848.16,843.25,847.61,1.73E+08,109480
7/6/2020 0:00,851.47,861.85,850.04,861.16,1.94E+08,117946
7/7/2020 0:00,865.46,870.63,863.42,863.42,2.84E+08,163028
7/8/2020 0:00,861.75,865.58,859.98,864.5,1.84E+08,115228
7/9/2020 0:00,867.66,878.36,867.45,876.46,2.59E+08,150188
7/10/2020 0:00,873.7,878.53,867.59,871.21,2.55E+08,144808
7/13/2020 0:00,874.85,876.83,866.99,868.72,2.04E+08,129275
7/14/2020 0:00,868.72,868.72,860.28,868.11,2.07E+08,110438
7/15/2020 0:00,872.8,876.69,869.91,869.91,2.23E+08,132814
7/16/2020 0:00,871.81,876.83,869.25,876.83,2.21E+08,130034
7/17/2020 0:00,873.48,875.07,871.89,872.02,2.39E+08,146418
7/20/2020 0:00,870.66,871.64,861.4,861.4,2.56E+08,159509
7/21/2020 0:00,863.94,864.7,856.94,861.69,2.16E+08,139180
7/22/2020 0:00,862.8,864,854.97,855.08,2.07E+08,137488
7/23/2020 0:00,854.92,857.22,851.97,856.75,2.21E+08,138294
7/24/2020 0:00,854.23,854.57,816.65,829.16,4.37E+08,240848
7/27/2020 0:00,794.14,808.74,780.64,785.17,3.74E+08,211534
7/28/2020 0:00,786.72,814.4,786.67,813.36,3.11E+08,169341
7/29/2020 0:00,800.39,800.39,779.82,790.84,3.11E+08,169734
7/30/2020 0:00,796.22,802.97,794.88,801.13,1.63E+08,102198
7/31/2020 0:00,787.78,803.55,786.98,798.39,2.20E+08,123562
8/3/2020 0:00,796.86,814.84,796.47,814.65,2.45E+08,138669
8/4/2020 0:00,822.86,827.57,820.2,827.57,2.51E+08,142774
8/5/2020 0:00,827.54,839.52,820.74,837.8,2.65E+08,161420
8/6/2020 0:00,838.01,844.16,833.56,840.04,2.34E+08,144541
8/7/2020 0:00,840.65,844.33,836.84,841.46,2.30E+08,135790
8/10/2020 0:00,845.11,849.52,843.2,843.2,2.77E+08,158764
8/11/2020 0:00,847.61,847.61,840.35,843.08,2.27E+08,136600
8/12/2020 0:00,844.19,848.54,842.88,846.92,2.38E+08,142421
8/13/2020 0:00,849.96,855.19,849.86,855.05,2.36E+08,138805
8/14/2020 0:00,854.29,860.32,848.38,850.74,2.85E+08,171145
8/17/2020 0:00,848.08,852.05,841.62,850.15,2.16E+08,135187
8/18/2020 0:00,850.27,851.06,845,846.43,1.83E+08,121903
8/19/2020 0:00,847.19,853.15,846.22,851.21,2.15E+08,134302
8/20/2020 0:00,851.33,856.99,847.44,848.21,2.32E+08,149757
8/21/2020 0:00,849.99,856.45,849.69,854.78,2.63E+08,149013
8/24/2020 0:00,860.35,868.68,860.35,868.68,3.46E+08,189952
8/25/2020 0:00,870.92,877.57,870.92,874.12,3.42E+08,194126
8/26/2020 0:00,873.62,876.97,871.78,873.47,3.21E+08,185210
8/27/2020 0:00,872.38,875.71,871.93,874.71,2.79E+08,157430
8/28/2020 0:00,878.79,885.86,877.7,878.98,3.29E+08,194149
8/31/2020 0:00,882.13,888.44,879.26,881.65,3.33E+08,201646
9/1/2020 0:00,882.4,892.51,880.79,891.73,2.85E+08,167117
9/3/2020 0:00,898.25,904.32,896.26,903.97,3.23E+08,188122
9/4/2020 0:00,896.02,903.11,893.86,901.54,3.16E+08,188310
9/7/2020 0:00,903.85,905.8,888.25,888.25,3.83E+08,223661
9/8/2020 0:00,891.61,894.58,884.88,890.14,2.67E+08,160873
9/9/2020 0:00,883.68,892.4,881.57,889.32,2.82E+08,174022
9/10/2020 0:00,895.29,896.78,888.82,888.82,2.83E+08,176742
9/11/2020 0:00,886.21,890.98,884.67,888.97,2.70E+08,155169
9/14/2020 0:00,891.89,895.31,891.89,894.57,3.19E+08,173238
9/15/2020 0:00,896.61,898.74,894.66,896.26,3.43E+08,191976
9/16/2020 0:00,897.43,897.58,894.63,897.47,2.63E+08,151826
9/17/2020 0:00,898.11,899.41,890.93,894.04,3.71E+08,193421
9/18/2020 0:00,896.08,902.11,895.82,900.95,3.04E+08,158500
9/21/2020 0:00,904.5,909.78,904.5,907.94,3.49E+08,194252
9/22/2020 0:00,905.9,909.69,902.47,906.19,3.68E+08,184970
9/23/2020 0:00,908.97,913.52,908.97,912.5,3.25E+08,171122
9/24/2020 0:00,910.53,914.51,907.32,908.58,3.58E+08,172812
9/25/2020 0:00,910.78,911.3,905.56,908.27,3.26E+08,172347
9/28/2020 0:00,911.2,913.6,910.04,912.5,3.79E+08,189282
9/29/2020 0:00,916.63,917.49,903.98,903.98,4.40E+08,234841
9/30/2020 0:00,904.34,907,900.44,905.21,3.10E+08,171753
10/1/2020 0:00,910.13,914.09,909.13,914.09,3.30E+08,181162
10/2/2020 0:00,914.09,916.67,897.72,909.91,5.01E+08,241574
10/5/2020 0:00,913.77,915.55,910.96,914.68,4.21E+08,216444
10/6/2020 0:00,918.11,918.93,912.77,915.67,4.73E+08,227335
10/7/2020 0:00,913.62,923.57,912.69,919.72,4.96E+08,243527
10/8/2020 0:00,922.08,922.08,913.89,918.84,4.46E+08,220886
10/9/2020 0:00,919.48,924,917.7,924,3.44E+08,175872
10/12/2020 0:00,930.78,933.13,923.28,925.83,4.14E+08,231529
10/13/2020 0:00,926.76,930.96,923.78,929.86,3.23E+08,171370
10/14/2020 0:00,931.89,940.18,931.89,940.18,3.87E+08,210228
10/15/2020 0:00,945.28,945.93,938.7,942.76,4.40E+08,228537
10/16/2020 0:00,944.03,946.23,935.98,943.3,3.96E+08,221540
10/19/2020 0:00,945.01,946.29,941.92,943.69,3.53E+08,197092
10/20/2020 0:00,941,944.54,937.32,944.42,3.86E+08,207035
10/21/2020 0:00,947.16,948.2,939,939.03,3.72E+08,212656
10/22/2020 0:00,938.06,949.9,933.78,949.9,3.16E+08,183450
10/23/2020 0:00,953.45,961.26,953.14,961.26,3.92E+08,209528
10/26/2020 0:00,967.52,970.15,950.8,950.8,4.05E+08,228927
10/27/2020 0:00,952.61,954.72,946.28,946.47,4.15E+08,223704
10/28/2020 0:00,942.82,946.91,921.05,921.05,4.33E+08,242657
10/29/2020 0:00,916.49,925.84,914.33,919.08,3.56E+08,207756
10/30/2020 0:00,925.41,926.32,911.2,925.47,2.98E+08,158906
11/2/2020 0:00,926.09,933.68,924.14,933.68,2.73E+08,145805
11/3/2020 0:00,936.73,937.57,932.18,935.41,3.03E+08,161698
11/4/2020 0:00,937.62,943.56,933.86,939.76,3.27E+08,174812
11/5/2020 0:00,940.32,945.51,937.75,937.75,2.70E+08,144398
11/6/2020 0:00,939.73,941.2,934.63,938.29,2.49E+08,133085
11/9/2020 0:00,942.15,951.99,938.29,951.99,3.70E+08,197334
11/10/2020 0:00,962.68,963.47,951.9,951.9,4.22E+08,225338
11/11/2020 0:00,954.46,956.65,947.61,952.22,3.77E+08,201030
11/12/2020 0:00,953.97,959.28,953.62,959.28,3.44E+08,183623
11/13/2020 0:00,959.56,966.29,959.13,966.29,4.20E+08,224076
11/16/2020 0:00,970.11,972.98,950.5,950.79,4.84E+08,258515
11/17/2020 0:00,955.52,968.9,953.22,968.9,4.01E+08,214079
11/18/2020 0:00,969.48,974.3,966.32,973.53,4.79E+08,255580
11/19/2020 0:00,975.32,983.26,974.33,983.26,5.00E+08,267025
11/20/2020 0:00,984.71,990,980.72,990,5.01E+08,267523
11/23/2020 0:00,991.87,995.9,985.38,994.19,4.90E+08,261457
11/24/2020 0:00,996.55,997.99,984.92,995.76,5.12E+08,273159
11/25/2020 0:00,1000.39,1002.31,996.8,999.94,4.46E+08,238155
11/26/2020 0:00,999.24,1005.97,994.91,1005.97,4.11E+08,219623
11/27/2020 0:00,1006.68,1010.22,1004,1010.22,3.82E+08,203838
11/30/2020 0:00,1011.82,1012.5,1002.61,1003.08,4.50E+08,240290
12/1/2020 0:00,988.71,1008.87,988.71,1008.87,5.36E+08,286294
12/2/2020 0:00,1008.77,1015.86,1007.91,1014.32,4.85E+08,258824
12/3/2020 0:00,1016.73,1020.35,1014.06,1019.8,4.97E+08,265238
12/4/2020 0:00,1020.49,1025.17,1018.67,1021.49,5.27E+08,0
12/7/2020 0:00,1024.34,1030.41,1022.14,1029.98,4.74E+08,0
12/8/2020 0:00,1030.88,1032.58,1025.63,1029.26,5.01E+08,0
12/9/2020 0:00,1031.19,1039.55,1030.24,1039.13,5.55E+08,0
12/10/2020 0:00,1041.65,1044.1,1030.91,1030.91,5.67E+08,0
12/11/2020 0:00,1033.19,1045.96,1030.06,1045.96,4.14E+08,0
12/14/2020 0:00,1048.97,1064.09,1048.97,1064.09,5.06E+08,0
12/15/2020 0:00,1062.02,1067.45,1052.01,1055.27,6.22E+08,0
12/16/2020 0:00,1058.34,1066.99,1057.21,1066.99,5.57E+08,0
12/17/2020 0:00,1065.85,1065.85,1051.42,1051.77,6.35E+08,0
12/18/2020 0:00,1055.75,1068.56,1055.75,1067.46,5.60E+08,0
12/21/2020 0:00,1071.62,1081.6,1070.86,1081.08,6.61E+08,0
12/22/2020 0:00,1081.85,1084.23,1077.06,1083.45,6.96E+08,0
12/23/2020 0:00,1087.89,1094.09,1077.92,1078.9,7.43E+08,0
12/24/2020 0:00,1083.83,1084.76,1046.89,1067.52,6.87E+08,0
12/25/2020 0:00,1068.83,1084.42,1061.83,1084.42,5.92E+08,0
12/28/2020 0:00,1094.37,1096.11,1083.9,1091.33,6.64E+08,0
12/29/2020 0:00,1090.49,1102.79,1087.93,1099.49,6.18E+08,0
12/30/2020 0:00,1099.78,1108.83,1094.91,1097.54,6.20E+08,0
12/31/2020 0:00,1098.25,1105.33,1096.27,1103.87,5.01E+08,0
1/4/2021 0:00,1113.77,1126.43,1113.59,1120.47,7.10E+08,0
1/5/2021 0:00,1116.96,1134.45,1116.49,1132.55,7.10E+08,0
1/6/2021 0:00,1139.12,1152.85,1133.7,1143.21,7.25E+08,0
1/7/2021 0:00,1147.26,1156.49,1143.44,1156.49,7.20E+08,0
1/8/2021 0:00,1164.1,1176.33,1160.48,1167.69,7.63E+08,0
1/11/2021 0:00,1176.47,1186.45,1175,1184.89,7.76E+08,0
1/12/2021 0:00,1190.38,1192.28,1179.24,1192.28,6.84E+08,0
1/13/2021 0:00,1197.32,1200.82,1183.18,1186.05,7.47E+08,0
1/14/2021 0:00,1189.48,1190.5,1178.84,1187.4,7.37E+08,0
1/15/2021 0:00,1188.84,1197.74,1188.84,1194.2,7.46E+08,0
1/18/2021 0:00,1198.79,1200.85,1190.33,1191.94,7.12E+08,0
1/19/2021 0:00,1189.91,1189.91,1117.17,1131,9.23E+08,0
1/20/2021 0:00,1136.5,1142.48,1098.05,1134.68,8.03E+08,0
1/21/2021 0:00,1146.86,1164.21,1132.66,1164.21,6.66E+08,0
1/22/2021 0:00,1166.77,1175.72,1161.43,1166.78,7.16E+08,0
1/25/2021 0:00,1164.2,1172.18,1162.8,1166.05,6.66E+08,0
1/26/2021 0:00,1164.97,1164.97,1121.03,1136.12,7.43E+08,0
1/27/2021 0:00,1122.41,1132.99,1088.86,1097.17,7.45E+08,0
1/28/2021 0:00,1041.71,1052.16,1022.77,1023.94,6.99E+08,0
1/29/2021 0:00,998.33,1076.11,998.33,1056.61,7.44E+08,0
2/1/2021 0:00,1062.13,1074.52,1035.51,1035.51,5.88E+08,0
2/2/2021 0:00,1036.95,1075.53,1029.36,1075.53,5.55E+08,0
2/3/2021 0:00,1084.87,1113.24,1082.95,1111.29,7.03E+08,0
2/4/2021 0:00,1112.97,1117.88,1098.85,1112.19,4.71E+08,0
2/5/2021 0:00,1114.79,1126.91,1112.19,1126.91,4.59E+08,0
2/8/2021 0:00,1127.06,1127.06,1075.1,1083.18,6.35E+08,0
2/9/2021 0:00,1090.88,1114.93,1078.98,1114.93,4.90E+08,0
2/17/2021 0:00,1127.46,1155.78,1127.46,1155.78,5.11E+08,0
2/18/2021 0:00,1157.1,1174.38,1148.66,1174.38,5.85E+08,0
2/19/2021 0:00,1160.65,1178.18,1157.6,1173.5,5.48E+08,0
2/22/2021 0:00,1173.57,1182.67,1169.12,1175.04,5.71E+08,0
2/23/2021 0:00,1174.57,1184.32,1168.32,1177.64,5.72E+08,0
2/24/2021 0:00,1184.32,1185.58,1154.36,1162.01,5.73E+08,0
2/25/2021 0:00,1169.97,1169.97,1155.74,1165.43,4.93E+08,0
2/26/2021 0:00,1148.88,1169.28,1148.88,1168.47,5.28E+08,0
3/1/2021 0:00,1176.93,1186.82,1174.45,1186.17,5.93E+08,0
3/2/2021 0:00,1196.16,1196.16,1181.99,1186.61,5.33E+08,0
3/3/2021 0:00,1184.73,1189.18,1180.25,1186.95,5.85E+08,0
3/4/2021 0:00,1191.78,1191.9,1159.48,1168.52,6.30E+08,0
3/5/2021 0:00,1164.19,1169.56,1155.6,1168.69,5.68E+08,0
3/8/2021 0:00,1180.33,1181.25,1164.02,1168.27,6.27E+08,0
3/9/2021 0:00,1160.96,1166.42,1150.94,1161.97,6.13E+08,0
3/10/2021 0:00,1163.86,1170.59,1154.89,1170.08,5.69E+08,0
3/11/2021 0:00,1180.31,1183.73,1176.49,1181.73,5.86E+08,0
3/12/2021 0:00,1185.21,1186.52,1178.14,1181.56,5.96E+08,0
3/15/2021 0:00,1183.89,1186.06,1178.8,1184.56,6.35E+08,0
3/16/2021 0:00,1184.91,1184.91,1171.76,1179.9,6.30E+08,0
3/17/2021 0:00,1178.64,1186.09,1176.26,1186.09,6.50E+08,0
3/18/2021 0:00,1196.6,1200.94,1191.94,1200.94,5.70E+08,0
3/19/2021 0:00,1195.47,1199.67,1191.96,1194.05,6.01E+08,0
3/22/2021 0:00,1200.05,1200.21,1189.31,1194.43,6.27E+08,0
3/23/2021 0:00,1190.28,1191.47,1177.1,1183.45,6.44E+08,0
3/24/2021 0:00,1169.42,1174.2,1154.22,1161.81,6.50E+08,0
3/25/2021 0:00,1164.41,1170.76,1154.44,1163.1,6.14E+08,0
3/26/2021 0:00,1162.71,1165.76,1137.9,1162.21,6.31E+08,0
3/29/2021 0:00,1169.65,1175.77,1165.78,1175.68,5.93E+08,0
3/30/2021 0:00,1179.64,1187.29,1172.85,1186.36,7.08E+08,0
3/31/2021 0:00,1187.44,1196.45,1186.4,1191.44,6.71E+08,0
4/1/2021 0:00,1194.59,1217.26,1192.83,1216.1,6.37E+08,0
4/2/2021 0:00,1225.76,1228.29,1221.07,1224.45,6.09E+08,0
4/5/2021 0:00,1245.28,1245.28,1228.18,1236.05,6.35E+08,0
4/6/2021 0:00,1233.37,1244.63,1231.14,1239.96,6.56E+08,0
4/7/2021 0:00,1237.39,1242.38,1232.52,1242.38,6.76E+08,0
4/8/2021 0:00,1246.4,1246.4,1232.26,1234.89,6.34E+08,0
4/9/2021 0:00,1231.51,1234.98,1227.6,1231.66,6.56E+08,0
4/12/2021 0:00,1236.79,1252.45,1232.35,1252.45,8.58E+08,0
4/13/2021 0:00,1262.44,1268.02,1247.66,1248.33,9.78E+08,0
4/14/2021 0:00,1240.9,1255.87,1233.01,1255.87,8.14E+08,0
4/15/2021 0:00,1262.25,1265.87,1247.25,1247.25,7.71E+08,0
4/16/2021 0:00,1245.06,1254.61,1227.14,1238.71,9.49E+08,0
4/19/2021 0:00,1243.58,1260.58,1233.77,1260.58,7.73E+08,0
4/20/2021 0:00,1267.74,1286.32,1261.28,1268.28,7.98E+08,0
4/22/2021 0:00,1264.31,1271.98,1227.82,1227.82,7.32E+08,0
4/23/2021 0:00,1227.18,1248.53,1216.15,1248.53,6.84E+08,0
4/26/2021 0:00,1251.25,1251.25,1214.14,1215.77,6.85E+08,0
4/27/2021 0:00,1213.84,1220.96,1204.14,1219.75,5.45E+08,0
4/28/2021 0:00,1220.26,1230.91,1217.49,1229.55,5.89E+08,0
4/29/2021 0:00,1234.91,1239.39,1231.25,1239.39,6.14E+08,0
5/4/2021 0:00,1222.08,1242.8,1212.56,1242.2,7.15E+08,0
5/5/2021 0:00,1244.69,1265.93,1244.69,1256.43,6.85E+08,0
5/6/2021 0:00,1255.42,1261.49,1246.64,1250.57,6.72E+08,0
5/7/2021 0:00,1245.48,1250.5,1231.92,1241.81,7.45E+08,0
5/10/2021 0:00,1239.96,1259.58,1236.85,1259.58,7.32E+08,0
5/11/2021 0:00,1265.11,1272.55,1256.04,1256.04,7.10E+08,0
5/12/2021 0:00,1251.97,1269.09,1249.18,1269.09,6.64E+08,0
5/13/2021 0:00,1262.98,1273.49,1261.99,1261.99,6.80E+08,0
5/14/2021 0:00,1266.43,1271.45,1259.97,1266.36,6.79E+08,0
5/17/2021 0:00,1272.55,1277.83,1258.5,1258.7,7.09E+08,0
5/18/2021 0:00,1259.57,1262.22,1249.02,1252.68,6.62E+08,0
5/19/2021 0:00,1254.78,1262.71,1250.58,1262.49,6.57E+08,0
5/20/2021 0:00,1264.62,1278.22,1255.78,1278.22,7.14E+08,0
5/21/2021 0:00,1272.84,1289.03,1268.46,1283.93,6.64E+08,0
5/24/2021 0:00,1287.5,1299.83,1287.36,1297.98,6.71E+08,0
5/25/2021 0:00,1299.19,1308.58,1297.23,1308.58,6.39E+08,0
5/26/2021 0:00,1308.04,1317.3,1304.68,1316.7,6.76E+08,0
5/27/2021 0:00,1318.42,1319.67,1299.99,1303.57,6.85E+08,0
5/28/2021 0:00,1307.79,1323.09,1300.06,1320.46,7.22E+08,0
5/31/2021 0:00,1326.65,1328.05,1307.56,1328.05,7.03E+08,0
6/1/2021 0:00,1329.47,1346.34,1328.84,1337.78,6.18E+08,0
6/2/2021 0:00,1337.78,1344.98,1330.82,1340.78,7.60E+08,0
6/3/2021 0:00,1345.21,1366,1345.21,1364.28,8.59E+08,0
6/4/2021 0:00,1367.06,1374.05,1360.42,1374.05,8.91E+08,0
6/7/2021 0:00,1374.59,1375.74,1347.21,1358.78,8.43E+08,0
6/8/2021 0:00,1355.36,1364.48,1318.11,1319.88,8.79E+08,0
6/9/2021 0:00,1323.52,1339.14,1312.08,1332.9,7.75E+08,0
6/10/2021 0:00,1332.9,1336.71,1317.49,1323.58,6.78E+08,0
6/11/2021 0:00,1326.79,1352.47,1322.08,1351.74,7.08E+08,0
6/14/2021 0:00,1352.73,1368.53,1352.73,1361.72,7.19E+08,0
6/15/2021 0:00,1361.58,1372.72,1356.59,1367.36,7.09E+08,0
6/16/2021 0:00,1363.85,1370.14,1350.73,1356.52,7.44E+08,0
6/17/2021 0:00,1341.06,1364.55,1337.49,1359.92,7.14E+08,0
6/18/2021 0:00,1366.19,1377.77,1363.52,1377.77,7.54E+08,0
6/21/2021 0:00,1373.59,1381.74,1367.85,1372.63,7.34E+08,0
6/22/2021 0:00,1380.84,1385.98,1375,1379.97,6.98E+08,0
6/23/2021 0:00,1383.15,1388.33,1372.06,1376.87,6.48E+08,0
6/24/2021 0:00,1376.87,1384.71,1372.99,1379.72,5.40E+08,0
6/25/2021 0:00,1382.11,1390.12,1372.8,1390.12,5.22E+08,0
6/28/2021 0:00,1397.96,1406.02,1390.56,1405.81,6.57E+08,0
6/29/2021 0:00,1408.34,1416.34,1406.87,1410.04,6.18E+08,0
6/30/2021 0:00,1410.83,1419.61,1408.18,1408.55,5.41E+08,0
7/1/2021 0:00,1412.15,1417.27,1402.18,1417.08,7.05E+08,0
7/2/2021 0:00,1422.89,1424.28,1415.82,1420.27,7.07E+08,0
7/5/2021 0:00,1421.52,1421.52,1394.12,1411.13,8.17E+08,0
7/6/2021 0:00,1412.93,1418.99,1354.79,1354.79,8.03E+08,0
7/7/2021 0:00,1361.76,1388.55,1334.58,1388.55,7.85E+08,0
7/8/2021 0:00,1381.11,1385.75,1363.92,1374.68,5.52E+08,0
7/9/2021 0:00,1365.28,1373.51,1335.9,1347.14,7.60E+08,0
7/12/2021 0:00,1338.11,1340.65,1270.06,1296.3,9.62E+08,0
7/13/2021 0:00,1305.36,1307.73,1278.3,1297.54,5.40E+08,0
7/14/2021 0:00,1297.41,1305.37,1264.68,1279.91,5.93E+08,0
7/15/2021 0:00,1270.77,1299.18,1270.77,1293.92,4.40E+08,0
7/16/2021 0:00,1298.38,1304.37,1296.06,1299.31,4.65E+08,0
7/19/2021 0:00,1269.06,1276.55,1237.79,1243.51,7.31E+08,0
7/20/2021 0:00,1245.96,1273.29,1225.52,1273.29,5.39E+08,0
7/21/2021 0:00,1277.27,1284.33,1266.71,1270.79,3.95E+08,0
7/22/2021 0:00,1270.7,1294.16,1266.54,1293.67,4.93E+08,0
7/23/2021 0:00,1288.83,1295.63,1268.83,1268.83,5.51E+08,0
7/26/2021 0:00,1262.74,1277.33,1254.57,1272.71,4.60E+08,0
7/27/2021 0:00,1283.67,1288.35,1276.53,1276.93,5.20E+08,0
7/28/2021 0:00,1273.48,1281.17,1271.78,1277.07,3.62E+08,0
7/29/2021 0:00,1286.33,1293.6,1282.88,1293.6,4.46E+08,0
7/30/2021 0:00,1298.01,1311.97,1296.95,1310.05,6.32E+08,0
8/2/2021 0:00,1310.05,1322.35,1304.49,1314.22,5.92E+08,0
8/3/2021 0:00,1314.22,1332.44,1315.57,1332.44,6.22E+08,0
8/4/2021 0:00,1337.72,1340.76,1328.4,1334.74,6.28E+08,0
8/5/2021 0:00,1331.14,1346.62,1326.8,1345.55,5.96E+08,0
8/6/2021 0:00,1345.55,1351.85,1341.45,1341.45,6.88E+08,0
8/9/2021 0:00,1337.78,1361.12,1334.69,1359.86,6.38E+08,0
8/10/2021 0:00,1367.99,1370.35,1358.12,1362.43,6.81E+08,0
8/11/2021 0:00,1365.05,1374.03,1357.79,1357.79,7.73E+08,0
8/12/2021 0:00,1356.27,1365.01,1353.05,1353.05,7.18E+08,0
8/13/2021 0:00,1352.56,1357.41,1336.74,1357.05,7.19E+08,0
8/16/2021 0:00,1364.1,1372.33,1361.75,1370.96,8.00E+08,0
8/17/2021 0:00,1377.7,1379.7,1359.11,1363.09,7.34E+08,0
8/18/2021 0:00,1361.24,1370.5,1355.83,1360.94,6.43E+08,0
8/19/2021 0:00,1360.61,1374.85,1352.94,1374.85,6.55E+08,0
8/20/2021 0:00,1367.86,1369.39,1317.52,1329.43,1.17E+09,0
8/23/2021 0:00,1322.71,1327.04,1298.86,1298.86,7.69E+08,0
8/24/2021 0:00,1302.9,1307.56,1289.16,1298.74,6.50E+08,0
8/25/2021 0:00,1300.74,1310.16,1291.7,1309.55,4.84E+08,0
8/26/2021 0:00,1313.36,1316.26,1295.77,1301.12,4.99E+08,0
8/27/2021 0:00,1293.98,1313.2,1285.16,1313.2,6.60E+08,0
8/30/2021 0:00,1323.39,1329.62,1318.76,1328.14,6.45E+08,0
8/31/2021 0:00,1332.61,1336.14,1325.69,1331.47,7.14E+08,0
9/1/2021 0:00,1328.78,1338.02,1328.13,1334.65,6.87E+08,0
9/6/2021 0:00,1340.71,1348.36,1339.8,1346.39,9.11E+08,0
9/7/2021 0:00,1349.13,1353.66,1340.32,1341.9,8.51E+08,0
9/8/2021 0:00,1343.92,1344.49,1328.35,1333.61,5.97E+08,0
9/9/2021 0:00,1333.62,1345.59,1332.67,1343.98,6.01E+08,0
9/10/2021 0:00,1348.74,1350.43,1345.07,1345.31,5.60E+08,0
9/13/2021 0:00,1348.07,1350.69,1340.5,1341.43,7.46E+08,0
9/14/2021 0:00,1343.38,1349.13,1336.84,1339.7,6.94E+08,0
9/15/2021 0:00,1338.11,1347.7,1334.97,1345.83,6.47E+08,0
9/16/2021 0:00,1351.85,1353.12,1341.23,1345.87,5.72E+08,0
9/17/2021 0:00,1347.66,1356.45,1347.13,1352.64,8.15E+08,0
9/20/2021 0:00,1361.12,1365.92,1349.18,1350.48,8.55E+08,0
9/21/2021 0:00,1335.96,1346.32,1324.82,1339.84,8.20E+08,0
9/22/2021 0:00,1343.89,1350.71,1336.63,1350.68,7.30E+08,0
9/23/2021 0:00,1357.65,1361.09,1350.43,1352.76,9.63E+08,0
9/24/2021 0:00,1354.84,1356.97,1348.07,1351.17,6.33E+08,0
9/27/2021 0:00,1353.39,1354.38,1324.99,1324.99,7.24E+08,0
9/28/2021 0:00,1319.53,1341.81,1316.41,1339.31,5.86E+08,0
9/29/2021 0:00,1338.8,1340.9,1328.17,1339.21,5.64E+08,0
9/30/2021 0:00,1341.83,1348.89,1341.15,1342.06,4.38E+08,0
10/1/2021 0:00,1342.06,1344.06,1332.97,1334.89,6.96E+08,0
10/4/2021 0:00,1337.74,1347.49,1333.53,1339.54,7.14E+08,0
10/5/2021 0:00,1345.43,1354.63,1343.48,1354.63,5.78E+08,0
10/6/2021 0:00,1359.63,1362.82,1355,1362.82,5.96E+08,0
10/7/2021 0:00,1365.54,1367.64,1360.57,1365.99,6.61E+08,0
10/8/2021 0:00,1369.14,1373.18,1365.93,1372.73,6.06E+08,0
10/11/2021 0:00,1377.53,1394.64,1377.3,1394.09,7.23E+08,0
10/12/2021 0:00,1398.03,1400.78,1389.43,1394.8,7.11E+08,0
10/13/2021 0:00,1398.21,1400.67,1389.61,1391.91,6.09E+08,0
10/14/2021 0:00,1392.88,1398.67,1388.89,1391.85,6.92E+08,0
10/15/2021 0:00,1395.81,1399.03,1388,1392.7,7.46E+08,0
10/18/2021 0:00,1395.57,1402.63,1390.88,1395.53,7.66E+08,0
10/19/2021 0:00,1396.07,1399.66,1388.95,1395.33,6.16E+08,0
10/20/2021 0:00,1398.45,1401.76,1376.15,1393.8,8.20E+08,0
10/21/2021 0:00,1397.59,1398.45,1384.77,1384.77,6.83E+08,0
10/22/2021 0:00,1388.66,1393.7,1385.53,1389.24,7.48E+08,0
10/25/2021 0:00,1395.45,1395.72,1385.4,1385.4,8.75E+08,0
10/26/2021 0:00,1384.12,1393.03,1377.56,1391.63,7.06E+08,0
10/27/2021 0:00,1397.51,1423.02,1395.83,1423.02,8.67E+08,0
10/28/2021 0:00,1427.89,1440.64,1420.42,1438.01,8.31E+08,0
10/29/2021 0:00,1439.27,1447.62,1432.19,1444.27,9.47E+08,0
11/1/2021 0:00,1449.32,1451.81,1435.57,1438.97,1.12E+09,0
11/2/2021 0:00,1439.61,1452.46,1438.83,1452.46,9.74E+08,0
11/3/2021 0:00,1459.05,1463.63,1440.67,1444.3,1.48E+09,0
11/4/2021 0:00,1442.89,1451.98,1435.84,1448.34,8.92E+08,0
11/5/2021 0:00,1450.53,1459.93,1444.51,1456.51,8.44E+08,0
11/8/2021 0:00,1461.61,1470.49,1456.9,1467.57,1.08E+09,0
11/9/2021 0:00,1469.94,1474.2,1457.57,1461.5,1.00E+09,0
11/10/2021 0:00,1461.5,1470.19,1457.98,1465.02,9.86E+08,0
11/11/2021 0:00,1469.22,1472.89,1449.18,1462.35,1.25E+09,0
11/12/2021 0:00,1464.2,1474.98,1453.22,1473.37,9.10E+08,0
11/15/2021 0:00,1481.75,1481.96,1466.01,1476.57,1.15E+09,0
11/16/2021 0:00,1472.83,1476.97,1459.08,1466.45,1.16E+09,0
11/17/2021 0:00,1467.08,1477.04,1464.78,1475.85,8.53E+08,0
11/18/2021 0:00,1479.39,1482.87,1469.83,1469.83,1.09E+09,0
11/19/2021 0:00,1474.11,1481.53,1434.69,1452.35,1.49E+09,0
11/22/2021 0:00,1452.3,1466.46,1442.85,1447.25,1.21E+09,0
11/23/2021 0:00,1442.66,1463.63,1438.41,1463.63,8.42E+08,0
11/24/2021 0:00,1470.66,1491.05,1467.29,1488.87,1.11E+09,0
11/25/2021 0:00,1496.41,1505.36,1490.32,1500.81,9.53E+08,0
11/26/2021 0:00,1506.01,1511.68,1488.83,1493.03,1.01E+09,0
11/29/2021 0:00,1464.83,1488.93,1464.83,1484.84,1.00E+09,0
11/30/2021 0:00,1500.24,1503.09,1471.57,1478.44,1.05E+09,0
12/1/2021 0:00,1477.85,1487.68,1471.3,1485.19,8.39E+08,0
12/2/2021 0:00,1489.12,1493.84,1482.05,1482.05,7.47E+08,0
12/3/2021 0:00,1489.57,1491.2,1443.32,1443.32,1.03E+09,0
12/6/2021 0:00,1446.28,1452.55,1400.87,1413.58,1.01E+09,0
12/7/2021 0:00,1426.88,1446.77,1421.6,1446.77,6.93E+08,0
12/8/2021 0:00,1451.94,1460.28,1447.88,1452.87,7.33E+08,0
12/9/2021 0:00,1447.59,1467.98,1446.88,1467.98,6.33E+08,0
12/10/2021 0:00,1469.83,1475.85,1461.78,1463.54,7.82E+08,0
12/13/2021 0:00,1471.96,1481.7,1470.08,1476.21,8.17E+08,0
12/14/2021 0:00,1476.82,1485.14,1469.21,1476.02,9.16E+08,0
12/15/2021 0:00,1476.5,1481.67,1468.21,1475.5,8.68E+08,0
12/16/2021 0:00,1481.85,1482.32,1468.95,1476.61,8.91E+08,0
12/17/2021 0:00,1481.76,1487.73,1479.79,1479.79,1.07E+09,0
12/20/2021 0:00,1483.85,1483.85,1468.88,1477.33,9.08E+08,0
12/21/2021 0:00,1474.87,1486.09,1472.43,1478.74,8.68E+08,0
12/22/2021 0:00,1484.9,1489.24,1471.84,1477.67,1.04E+09,0
12/23/2021 0:00,1479.46,1481.21,1447.14,1456.96,1.33E+09,0
12/24/2021 0:00,1463.1,1478.8,1456.32,1477.03,8.56E+08,0
12/27/2021 0:00,1483.64,1490.12,1469.91,1488.88,7.17E+08,0
12/28/2021 0:00,1494.9,1499.77,1483.97,1494.39,9.34E+08,0
12/29/2021 0:00,1497.86,1498.91,1485.82,1485.82,7.94E+08,0
12/30/2021 0:00,1490.96,1493.38,1484.82,1485.97,7.24E+08,0
12/31/2021 0:00,1490.17,1499.07,1489.71,1498.28,8.47E+08,0
1/4/2022 0:00,1508.55,1526.69,1507.19,1525.58,8.40E+08,0
1/5/2022 0:00,1529.06,1535.82,1522.5,1522.5,9.87E+08,0
1/6/2022 0:00,1519.72,1536.24,1518.18,1528.57,1.11E+09,0
1/7/2022 0:00,1534.1,1534.52,1524.96,1528.48,9.52E+08,0
1/10/2022 0:00,1528.74,1535.09,1525.92,1528.58,6.65E+08,0
